1101	5ee5a532211c1a6c71747a40	5ee5a532211c1a6c71747a40/thumbnail	5ee5a532211c1a6c71747a40/original								f	
1102	5ee5a542211c1a6c71747a42	5ee5a542211c1a6c71747a42/thumbnail	5ee5a542211c1a6c71747a42/original								f	
1103	5ee5a54f211c1a6c71747a44	5ee5a54f211c1a6c71747a44/thumbnail	5ee5a54f211c1a6c71747a44/original								f	
1104	5ee5a567211c1a6c71747a46	5ee5a567211c1a6c71747a46/thumbnail	5ee5a567211c1a6c71747a46/original								f	
1105	5ee5a572211c1a6c71747a48	5ee5a572211c1a6c71747a48/thumbnail	5ee5a572211c1a6c71747a48/original								f	
1106	5ee5a582211c1a6c71747a4a	5ee5a582211c1a6c71747a4a/thumbnail	5ee5a582211c1a6c71747a4a/original								f	
1107	5ee5a591211c1a6c71747a4c	5ee5a591211c1a6c71747a4c/thumbnail	5ee5a591211c1a6c71747a4c/original								f	
1108	5ee5a59e211c1a6c71747a4e	5ee5a59e211c1a6c71747a4e/thumbnail	5ee5a59e211c1a6c71747a4e/original								f	
1109	5ee5a5a8211c1a6c71747a50	5ee5a5a8211c1a6c71747a50/thumbnail	5ee5a5a8211c1a6c71747a50/original								f	
1110	5ee5a5b6211c1a6c71747a52	5ee5a5b6211c1a6c71747a52/thumbnail	5ee5a5b6211c1a6c71747a52/original								f	
1111	5ee5a5c7211c1a6c71747a54	5ee5a5c7211c1a6c71747a54/thumbnail	5ee5a5c7211c1a6c71747a54/original								f	
1112	5ee5a5d8211c1a6c71747a56	5ee5a5d8211c1a6c71747a56/thumbnail	5ee5a5d8211c1a6c71747a56/original								f	
1113	5ee5a5e4211c1a6c71747a58	5ee5a5e4211c1a6c71747a58/thumbnail	5ee5a5e4211c1a6c71747a58/original								f	
1114	5ee5a5f1211c1a6c71747a5a	5ee5a5f1211c1a6c71747a5a/thumbnail	5ee5a5f1211c1a6c71747a5a/original								f	
1115	5ee5a606211c1a6c71747a5c	5ee5a606211c1a6c71747a5c/thumbnail	5ee5a606211c1a6c71747a5c/original								f	
1116	5ee5a613211c1a6c71747a5e	5ee5a613211c1a6c71747a5e/thumbnail	5ee5a613211c1a6c71747a5e/original								f	
1117	5ee5a620211c1a6c71747a60	5ee5a620211c1a6c71747a60/thumbnail	5ee5a620211c1a6c71747a60/original								f	
1118	5ee5a631211c1a6c71747a62	5ee5a631211c1a6c71747a62/thumbnail	5ee5a631211c1a6c71747a62/original								f	
1119	5ee5a647211c1a6c71747a64	5ee5a647211c1a6c71747a64/thumbnail	5ee5a647211c1a6c71747a64/original								f	
1120	5ee5a658211c1a6c71747a66	5ee5a658211c1a6c71747a66/thumbnail	5ee5a658211c1a6c71747a66/original								f	
1121	5ee5a666211c1a6c71747a68	5ee5a666211c1a6c71747a68/thumbnail	5ee5a666211c1a6c71747a68/original								f	
1122	5ee5a67a211c1a6c71747a6a	5ee5a67a211c1a6c71747a6a/thumbnail	5ee5a67a211c1a6c71747a6a/original								f	
1123	5ee5a684211c1a6c71747a6c	5ee5a684211c1a6c71747a6c/thumbnail	5ee5a684211c1a6c71747a6c/original								f	
1124	5ee5a694211c1a6c71747a6e	5ee5a694211c1a6c71747a6e/thumbnail	5ee5a694211c1a6c71747a6e/original								f	
1125	5ee5a69f211c1a6c71747a70	5ee5a69f211c1a6c71747a70/thumbnail	5ee5a69f211c1a6c71747a70/original								f	
1126	5ee5a6ad211c1a6c71747a72	5ee5a6ad211c1a6c71747a72/thumbnail	5ee5a6ad211c1a6c71747a72/original								f	
3501	5ee61b070351c97df2d3869b	5ee61b070351c97df2d3869b/thumbnail	5ee61b070351c97df2d3869b/original								t	2701
3502	5ee61b0a0351c97df2d3869d	5ee61b0a0351c97df2d3869d/thumbnail	5ee61b0a0351c97df2d3869d/original								t	2702
3503	5ee61b0d0351c97df2d3869f	5ee61b0d0351c97df2d3869f/thumbnail	5ee61b0d0351c97df2d3869f/original								t	2703
3504	5ee61b100351c97df2d386a1	5ee61b100351c97df2d386a1/thumbnail	5ee61b100351c97df2d386a1/original								t	2704
3505	5ee61b130351c97df2d386a3	5ee61b130351c97df2d386a3/thumbnail	5ee61b130351c97df2d386a3/original								t	2705
3506	5ee61b1a0351c97df2d386a5	5ee61b1a0351c97df2d386a5/thumbnail	5ee61b1a0351c97df2d386a5/original								t	2706
3507	5ee61b1c0351c97df2d386a7	5ee61b1c0351c97df2d386a7/thumbnail	5ee61b1c0351c97df2d386a7/original								t	2707
3508	5ee61b1f0351c97df2d386a9	5ee61b1f0351c97df2d386a9/thumbnail	5ee61b1f0351c97df2d386a9/original								t	2708
3509	5ee61b220351c97df2d386ab	5ee61b220351c97df2d386ab/thumbnail	5ee61b220351c97df2d386ab/original								t	2709
3510	5ee61b250351c97df2d386ad	5ee61b250351c97df2d386ad/thumbnail	5ee61b250351c97df2d386ad/original								t	2710
3511	5ee61b300351c97df2d386af	5ee61b300351c97df2d386af/thumbnail	5ee61b300351c97df2d386af/original								t	2711
3512	5ee61b330351c97df2d386b1	5ee61b330351c97df2d386b1/thumbnail	5ee61b330351c97df2d386b1/original								t	2712
3513	5ee61b360351c97df2d386b3	5ee61b360351c97df2d386b3/thumbnail	5ee61b360351c97df2d386b3/original								t	2713
3514	5ee61b380351c97df2d386b5	5ee61b380351c97df2d386b5/thumbnail	5ee61b380351c97df2d386b5/original								t	2714
3515	5ee61b3b0351c97df2d386b7	5ee61b3b0351c97df2d386b7/thumbnail	5ee61b3b0351c97df2d386b7/original								t	2715
3516	5ee61b420351c97df2d386b9	5ee61b420351c97df2d386b9/thumbnail	5ee61b420351c97df2d386b9/original								t	2716
3517	5ee61b440351c97df2d386bb	5ee61b440351c97df2d386bb/thumbnail	5ee61b440351c97df2d386bb/original								t	2717
3518	5ee61b460351c97df2d386bd	5ee61b460351c97df2d386bd/thumbnail	5ee61b460351c97df2d386bd/original								t	2718
3519	5ee61b490351c97df2d386bf	5ee61b490351c97df2d386bf/thumbnail	5ee61b490351c97df2d386bf/original								t	2719
3520	5ee61b4f0351c97df2d386c1	5ee61b4f0351c97df2d386c1/thumbnail	5ee61b4f0351c97df2d386c1/original								t	2720
3521	5ee61b6d0351c97df2d386c6	5ee61b6d0351c97df2d386c6/thumbnail	5ee61b6d0351c97df2d386c6/original								t	2721
3522	5ee61b710351c97df2d386c8	5ee61b710351c97df2d386c8/thumbnail	5ee61b710351c97df2d386c8/original								t	2722
3524	5ee61b7f0351c97df2d386cd	5ee61b7f0351c97df2d386cd/thumbnail	5ee61b7f0351c97df2d386cd/original								f	2723
3525	5ee61b820351c97df2d386cf	5ee61b820351c97df2d386cf/thumbnail	5ee61b820351c97df2d386cf/original								t	2724
3526	5ee61b850351c97df2d386d1	5ee61b850351c97df2d386d1/thumbnail	5ee61b850351c97df2d386d1/original								t	2725
3527	5ee61b870351c97df2d386d3	5ee61b870351c97df2d386d3/thumbnail	5ee61b870351c97df2d386d3/original								t	2726
3528	5ee61b8a0351c97df2d386d5	5ee61b8a0351c97df2d386d5/thumbnail	5ee61b8a0351c97df2d386d5/original								t	2727
3529	5ee61b8c0351c97df2d386d7	5ee61b8c0351c97df2d386d7/thumbnail	5ee61b8c0351c97df2d386d7/original								t	2728
3530	5ee61b930351c97df2d386d9	5ee61b930351c97df2d386d9/thumbnail	5ee61b930351c97df2d386d9/original								t	2729
3532	5ee61b9d0351c97df2d386dd	5ee61b9d0351c97df2d386dd/thumbnail	5ee61b9d0351c97df2d386dd/original								t	2731
3531	5ee61b960351c97df2d386db	5ee61b960351c97df2d386db/thumbnail	5ee61b960351c97df2d386db/original								t	2730
3533	5ee61ba60351c97df2d386df	5ee61ba60351c97df2d386df/thumbnail	5ee61ba60351c97df2d386df/original								t	2732
3534	5ee61ba80351c97df2d386e1	5ee61ba80351c97df2d386e1/thumbnail	5ee61ba80351c97df2d386e1/original								t	2733
3536	5ee61bad0351c97df2d386e5	5ee61bad0351c97df2d386e5/thumbnail	5ee61bad0351c97df2d386e5/original								t	2735
3535	5ee61bab0351c97df2d386e3	5ee61bab0351c97df2d386e3/thumbnail	5ee61bab0351c97df2d386e3/original								t	2734
3537	5ee61bba0351c97df2d386e7	5ee61bba0351c97df2d386e7/thumbnail	5ee61bba0351c97df2d386e7/original								t	2736
3538	5ee61bbd0351c97df2d386e9	5ee61bbd0351c97df2d386e9/thumbnail	5ee61bbd0351c97df2d386e9/original								t	2737
3539	5ee61bbf0351c97df2d386eb	5ee61bbf0351c97df2d386eb/thumbnail	5ee61bbf0351c97df2d386eb/original								t	2738
3540	5ee61bc20351c97df2d386ed	5ee61bc20351c97df2d386ed/thumbnail	5ee61bc20351c97df2d386ed/original								t	2739
3541	5ee61bc40351c97df2d386ef	5ee61bc40351c97df2d386ef/thumbnail	5ee61bc40351c97df2d386ef/original								t	2740
3542	5ee61bcb0351c97df2d386f1	5ee61bcb0351c97df2d386f1/thumbnail	5ee61bcb0351c97df2d386f1/original								t	2741
3543	5ee61bd70351c97df2d386f4	5ee61bd70351c97df2d386f4/thumbnail	5ee61bd70351c97df2d386f4/original								t	2742
3544	5ee61bec0351c97df2d386f6	5ee61bec0351c97df2d386f6/thumbnail	5ee61bec0351c97df2d386f6/original								t	2743
3545	5ee61bf20351c97df2d386f8	5ee61bf20351c97df2d386f8/thumbnail	5ee61bf20351c97df2d386f8/original								t	2744
3546	5ee61bf50351c97df2d386fa	5ee61bf50351c97df2d386fa/thumbnail	5ee61bf50351c97df2d386fa/original								t	2745
3547	5ee61bf70351c97df2d386fc	5ee61bf70351c97df2d386fc/thumbnail	5ee61bf70351c97df2d386fc/original								t	2746
3548	5ee61c010351c97df2d386fe	5ee61c010351c97df2d386fe/thumbnail	5ee61c010351c97df2d386fe/original								t	2747
3549	5ee61c040351c97df2d38700	5ee61c040351c97df2d38700/thumbnail	5ee61c040351c97df2d38700/original								t	2748
3550	5ee61c0d0351c97df2d38702	5ee61c0d0351c97df2d38702/thumbnail	5ee61c0d0351c97df2d38702/original								t	2749
3651	5ee61c100351c97df2d38704	5ee61c100351c97df2d38704/thumbnail	5ee61c100351c97df2d38704/original								t	2750
3652	5ee61c160351c97df2d38706	5ee61c160351c97df2d38706/thumbnail	5ee61c160351c97df2d38706/original								t	2801
3653	5ee61c190351c97df2d38708	5ee61c190351c97df2d38708/thumbnail	5ee61c190351c97df2d38708/original								t	2802
3654	5ee61c1b0351c97df2d3870a	5ee61c1b0351c97df2d3870a/thumbnail	5ee61c1b0351c97df2d3870a/original								t	2803
3655	5ee61c1d0351c97df2d3870c	5ee61c1d0351c97df2d3870c/thumbnail	5ee61c1d0351c97df2d3870c/original								t	2804
3656	5ee61c210351c97df2d3870e	5ee61c210351c97df2d3870e/thumbnail	5ee61c210351c97df2d3870e/original								t	2805
3657	5ee61c240351c97df2d38710	5ee61c240351c97df2d38710/thumbnail	5ee61c240351c97df2d38710/original								t	2806
3658	5ee61c260351c97df2d38712	5ee61c260351c97df2d38712/thumbnail	5ee61c260351c97df2d38712/original								t	2807
3659	5ee61c280351c97df2d38714	5ee61c280351c97df2d38714/thumbnail	5ee61c280351c97df2d38714/original								t	2808
3660	5ee61c2a0351c97df2d38716	5ee61c2a0351c97df2d38716/thumbnail	5ee61c2a0351c97df2d38716/original								t	2809
3661	5ee61c2d0351c97df2d38718	5ee61c2d0351c97df2d38718/thumbnail	5ee61c2d0351c97df2d38718/original								t	2810
3662	5ee61c340351c97df2d3871a	5ee61c340351c97df2d3871a/thumbnail	5ee61c340351c97df2d3871a/original								t	2811
3663	5ee61c360351c97df2d3871c	5ee61c360351c97df2d3871c/thumbnail	5ee61c360351c97df2d3871c/original								t	2812
3664	5ee61c380351c97df2d3871e	5ee61c380351c97df2d3871e/thumbnail	5ee61c380351c97df2d3871e/original								t	2813
3665	5ee61c3b0351c97df2d38720	5ee61c3b0351c97df2d38720/thumbnail	5ee61c3b0351c97df2d38720/original								t	2814
3666	5ee61c3e0351c97df2d38722	5ee61c3e0351c97df2d38722/thumbnail	5ee61c3e0351c97df2d38722/original								t	2815
3667	5ee61c410351c97df2d38724	5ee61c410351c97df2d38724/thumbnail	5ee61c410351c97df2d38724/original								t	2816
3668	5ee61c450351c97df2d38726	5ee61c450351c97df2d38726/thumbnail	5ee61c450351c97df2d38726/original								t	2817
3669	5ee61c480351c97df2d38728	5ee61c480351c97df2d38728/thumbnail	5ee61c480351c97df2d38728/original								t	2818
3670	5ee61c4a0351c97df2d3872a	5ee61c4a0351c97df2d3872a/thumbnail	5ee61c4a0351c97df2d3872a/original								t	2819
3671	5ee61c4d0351c97df2d3872c	5ee61c4d0351c97df2d3872c/thumbnail	5ee61c4d0351c97df2d3872c/original								t	2820
3672	5ee61c530351c97df2d3872e	5ee61c530351c97df2d3872e/thumbnail	5ee61c530351c97df2d3872e/original								t	2821
3673	5ee61c550351c97df2d38730	5ee61c550351c97df2d38730/thumbnail	5ee61c550351c97df2d38730/original								t	2822
3674	5ee61c570351c97df2d38732	5ee61c570351c97df2d38732/thumbnail	5ee61c570351c97df2d38732/original								t	2823
3675	5ee61c5b0351c97df2d38734	5ee61c5b0351c97df2d38734/thumbnail	5ee61c5b0351c97df2d38734/original								t	2824
3676	5ee61c5d0351c97df2d38736	5ee61c5d0351c97df2d38736/thumbnail	5ee61c5d0351c97df2d38736/original								t	2825
3677	5ee61c610351c97df2d38738	5ee61c610351c97df2d38738/thumbnail	5ee61c610351c97df2d38738/original								t	2826
3678	5ee61c630351c97df2d3873a	5ee61c630351c97df2d3873a/thumbnail	5ee61c630351c97df2d3873a/original								t	2827
3679	5ee61c700351c97df2d3873c	5ee61c700351c97df2d3873c/thumbnail	5ee61c700351c97df2d3873c/original								t	2828
3680	5ee61c7c0351c97df2d3873e	5ee61c7c0351c97df2d3873e/thumbnail	5ee61c7c0351c97df2d3873e/original								t	2829
3681	5ee61c7e0351c97df2d38740	5ee61c7e0351c97df2d38740/thumbnail	5ee61c7e0351c97df2d38740/original								t	2830
3682	5ee61c870351c97df2d38742	5ee61c870351c97df2d38742/thumbnail	5ee61c870351c97df2d38742/original								t	2831
3683	5ee61c8a0351c97df2d38744	5ee61c8a0351c97df2d38744/thumbnail	5ee61c8a0351c97df2d38744/original								t	2832
3684	5ee61c8c0351c97df2d38746	5ee61c8c0351c97df2d38746/thumbnail	5ee61c8c0351c97df2d38746/original								t	2833
3685	5ee61c8f0351c97df2d38748	5ee61c8f0351c97df2d38748/thumbnail	5ee61c8f0351c97df2d38748/original								t	2834
3686	5ee61c910351c97df2d3874a	5ee61c910351c97df2d3874a/thumbnail	5ee61c910351c97df2d3874a/original								t	2835
3687	5ee61c990351c97df2d3874c	5ee61c990351c97df2d3874c/thumbnail	5ee61c990351c97df2d3874c/original								t	2836
3688	5ee61c9d0351c97df2d3874e	5ee61c9d0351c97df2d3874e/thumbnail	5ee61c9d0351c97df2d3874e/original								t	2838
3689	5ee61ca00351c97df2d38750	5ee61ca00351c97df2d38750/thumbnail	5ee61ca00351c97df2d38750/original								t	2839
3690	5ee61ca30351c97df2d38752	5ee61ca30351c97df2d38752/thumbnail	5ee61ca30351c97df2d38752/original								t	2840
3691	5ee61cac0351c97df2d38754	5ee61cac0351c97df2d38754/thumbnail	5ee61cac0351c97df2d38754/original								t	2841
3696	5ee61cbb0351c97df2d3875e	5ee61cbb0351c97df2d3875e/thumbnail	5ee61cbb0351c97df2d3875e/original								t	2846
3692	5ee61cb00351c97df2d38756	5ee61cb00351c97df2d38756/thumbnail	5ee61cb00351c97df2d38756/original								t	2842
3693	5ee61cb20351c97df2d38758	5ee61cb20351c97df2d38758/thumbnail	5ee61cb20351c97df2d38758/original								t	2843
3699	5ee61ccf0351c97df2d38765	5ee61ccf0351c97df2d38765/thumbnail	5ee61ccf0351c97df2d38765/original								t	2848
3694	5ee61cb50351c97df2d3875a	5ee61cb50351c97df2d3875a/thumbnail	5ee61cb50351c97df2d3875a/original								t	2844
3698	5ee61ccc0351c97df2d38762	5ee61ccc0351c97df2d38762/thumbnail	5ee61ccc0351c97df2d38762/original								t	2849
3700	5ee61cd30351c97df2d38767	5ee61cd30351c97df2d38767/thumbnail	5ee61cd30351c97df2d38767/original								t	2850
3695	5ee61cb80351c97df2d3875c	5ee61cb80351c97df2d3875c/thumbnail	5ee61cb80351c97df2d3875c/original								t	2845
3697	5ee61cc20351c97df2d38760	5ee61cc20351c97df2d38760/thumbnail	5ee61cc20351c97df2d38760/original								t	2847
3801	5ee61ce20351c97df2d38769	5ee61ce20351c97df2d38769/thumbnail	5ee61ce20351c97df2d38769/original								t	2901
3802	5ee61ce60351c97df2d3876b	5ee61ce60351c97df2d3876b/thumbnail	5ee61ce60351c97df2d3876b/original								t	2902
3803	5ee61ce80351c97df2d3876d	5ee61ce80351c97df2d3876d/thumbnail	5ee61ce80351c97df2d3876d/original								t	2903
3804	5ee61cea0351c97df2d3876f	5ee61cea0351c97df2d3876f/thumbnail	5ee61cea0351c97df2d3876f/original								t	2904
3805	5ee61cec0351c97df2d38771	5ee61cec0351c97df2d38771/thumbnail	5ee61cec0351c97df2d38771/original								t	2905
3806	5ee61cf00351c97df2d38773	5ee61cf00351c97df2d38773/thumbnail	5ee61cf00351c97df2d38773/original								t	2906
3807	5ee61cf20351c97df2d38775	5ee61cf20351c97df2d38775/thumbnail	5ee61cf20351c97df2d38775/original								t	2907
3808	5ee61cf60351c97df2d38777	5ee61cf60351c97df2d38777/thumbnail	5ee61cf60351c97df2d38777/original								t	2908
3809	5ee61cfa0351c97df2d38779	5ee61cfa0351c97df2d38779/thumbnail	5ee61cfa0351c97df2d38779/original								t	2909
3810	5ee61d030351c97df2d3877b	5ee61d030351c97df2d3877b/thumbnail	5ee61d030351c97df2d3877b/original								t	2910
3811	5ee61d090351c97df2d3877d	5ee61d090351c97df2d3877d/thumbnail	5ee61d090351c97df2d3877d/original								t	2911
3812	5ee61d0c0351c97df2d3877f	5ee61d0c0351c97df2d3877f/thumbnail	5ee61d0c0351c97df2d3877f/original								t	2912
3813	5ee61d0f0351c97df2d38781	5ee61d0f0351c97df2d38781/thumbnail	5ee61d0f0351c97df2d38781/original								t	2913
3814	5ee61d120351c97df2d38783	5ee61d120351c97df2d38783/thumbnail	5ee61d120351c97df2d38783/original								t	2914
3815	5ee61d150351c97df2d38785	5ee61d150351c97df2d38785/thumbnail	5ee61d150351c97df2d38785/original								t	2915
3816	5ee61d170351c97df2d38787	5ee61d170351c97df2d38787/thumbnail	5ee61d170351c97df2d38787/original								t	2916
3817	5ee61d1b0351c97df2d38789	5ee61d1b0351c97df2d38789/thumbnail	5ee61d1b0351c97df2d38789/original								t	2917
3818	5ee61d1d0351c97df2d3878b	5ee61d1d0351c97df2d3878b/thumbnail	5ee61d1d0351c97df2d3878b/original								t	2918
3819	5ee61d200351c97df2d3878d	5ee61d200351c97df2d3878d/thumbnail	5ee61d200351c97df2d3878d/original								t	2919
3820	5ee61d230351c97df2d3878f	5ee61d230351c97df2d3878f/thumbnail	5ee61d230351c97df2d3878f/original								t	2920
3821	5ee61d2b0351c97df2d38791	5ee61d2b0351c97df2d38791/thumbnail	5ee61d2b0351c97df2d38791/original								t	2921
3822	5ee61d2d0351c97df2d38793	5ee61d2d0351c97df2d38793/thumbnail	5ee61d2d0351c97df2d38793/original								t	2922
3823	5ee61d2f0351c97df2d38795	5ee61d2f0351c97df2d38795/thumbnail	5ee61d2f0351c97df2d38795/original								t	2923
3824	5ee61d380351c97df2d38797	5ee61d380351c97df2d38797/thumbnail	5ee61d380351c97df2d38797/original								t	2924
3825	5ee61d3b0351c97df2d38799	5ee61d3b0351c97df2d38799/thumbnail	5ee61d3b0351c97df2d38799/original								t	2925
3826	5ee61d3e0351c97df2d3879b	5ee61d3e0351c97df2d3879b/thumbnail	5ee61d3e0351c97df2d3879b/original								t	2926
3827	5ee61d410351c97df2d3879d	5ee61d410351c97df2d3879d/thumbnail	5ee61d410351c97df2d3879d/original								t	2927
3828	5ee61d430351c97df2d3879f	5ee61d430351c97df2d3879f/thumbnail	5ee61d430351c97df2d3879f/original								t	2928
3829	5ee61d4a0351c97df2d387a1	5ee61d4a0351c97df2d387a1/thumbnail	5ee61d4a0351c97df2d387a1/original								t	2929
3830	5ee61d4e0351c97df2d387a3	5ee61d4e0351c97df2d387a3/thumbnail	5ee61d4e0351c97df2d387a3/original								t	2930
3831	5ee61d550351c97df2d387a5	5ee61d550351c97df2d387a5/thumbnail	5ee61d550351c97df2d387a5/original								t	2931
3832	5ee61d580351c97df2d387a7	5ee61d580351c97df2d387a7/thumbnail	5ee61d580351c97df2d387a7/original								t	2932
3833	5ee61d5a0351c97df2d387a9	5ee61d5a0351c97df2d387a9/thumbnail	5ee61d5a0351c97df2d387a9/original								t	2933
3834	5ee61d610351c97df2d387ab	5ee61d610351c97df2d387ab/thumbnail	5ee61d610351c97df2d387ab/original								t	2935
3835	5ee61d650351c97df2d387ae	5ee61d650351c97df2d387ae/thumbnail	5ee61d650351c97df2d387ae/original								t	2934
3836	5ee61d670351c97df2d387b0	5ee61d670351c97df2d387b0/thumbnail	5ee61d670351c97df2d387b0/original								t	2936
3837	5ee61d6a0351c97df2d387b2	5ee61d6a0351c97df2d387b2/thumbnail	5ee61d6a0351c97df2d387b2/original								t	2937
3838	5ee61d6c0351c97df2d387b4	5ee61d6c0351c97df2d387b4/thumbnail	5ee61d6c0351c97df2d387b4/original								t	2938
3839	5ee61d6f0351c97df2d387b6	5ee61d6f0351c97df2d387b6/thumbnail	5ee61d6f0351c97df2d387b6/original								t	2939
3840	5ee61d810351c97df2d387b8	5ee61d810351c97df2d387b8/thumbnail	5ee61d810351c97df2d387b8/original								t	2940
3841	5ee61d880351c97df2d387ba	5ee61d880351c97df2d387ba/thumbnail	5ee61d880351c97df2d387ba/original								t	2941
3842	5ee61d8b0351c97df2d387bc	5ee61d8b0351c97df2d387bc/thumbnail	5ee61d8b0351c97df2d387bc/original								t	2942
3843	5ee61d8d0351c97df2d387be	5ee61d8d0351c97df2d387be/thumbnail	5ee61d8d0351c97df2d387be/original								t	2943
3844	5ee61d8f0351c97df2d387c0	5ee61d8f0351c97df2d387c0/thumbnail	5ee61d8f0351c97df2d387c0/original								t	2944
3845	5ee61d920351c97df2d387c2	5ee61d920351c97df2d387c2/thumbnail	5ee61d920351c97df2d387c2/original								t	2945
3846	5ee61d950351c97df2d387c4	5ee61d950351c97df2d387c4/thumbnail	5ee61d950351c97df2d387c4/original								t	2946
3847	5ee61d990351c97df2d387c6	5ee61d990351c97df2d387c6/thumbnail	5ee61d990351c97df2d387c6/original								t	2947
3848	5ee61d9b0351c97df2d387c8	5ee61d9b0351c97df2d387c8/thumbnail	5ee61d9b0351c97df2d387c8/original								t	2948
3849	5ee61da00351c97df2d387ca	5ee61da00351c97df2d387ca/thumbnail	5ee61da00351c97df2d387ca/original								t	2949
3850	5ee61da30351c97df2d387cc	5ee61da30351c97df2d387cc/thumbnail	5ee61da30351c97df2d387cc/original								t	2950
3951	5ee61dab0351c97df2d387ce	5ee61dab0351c97df2d387ce/thumbnail	5ee61dab0351c97df2d387ce/original								t	3001
3952	5ee61dad0351c97df2d387d0	5ee61dad0351c97df2d387d0/thumbnail	5ee61dad0351c97df2d387d0/original								t	3002
3953	5ee61db00351c97df2d387d2	5ee61db00351c97df2d387d2/thumbnail	5ee61db00351c97df2d387d2/original								t	3003
3954	5ee61db20351c97df2d387d4	5ee61db20351c97df2d387d4/thumbnail	5ee61db20351c97df2d387d4/original								t	3004
3958	5ee61dc90351c97df2d387dc	5ee61dc90351c97df2d387dc/thumbnail	5ee61dc90351c97df2d387dc/original								t	3008
3955	5ee61db50351c97df2d387d6	5ee61db50351c97df2d387d6/thumbnail	5ee61db50351c97df2d387d6/original								t	3005
3964	5ee61ddf0351c97df2d387e8	5ee61ddf0351c97df2d387e8/thumbnail	5ee61ddf0351c97df2d387e8/original								t	3014
3970	5ee61df90351c97df2d387f4	5ee61df90351c97df2d387f4/thumbnail	5ee61df90351c97df2d387f4/original								t	3020
3956	5ee61db80351c97df2d387d8	5ee61db80351c97df2d387d8/thumbnail	5ee61db80351c97df2d387d8/original								t	3006
3963	5ee61ddd0351c97df2d387e6	5ee61ddd0351c97df2d387e6/thumbnail	5ee61ddd0351c97df2d387e6/original								t	3013
3957	5ee61dc50351c97df2d387da	5ee61dc50351c97df2d387da/thumbnail	5ee61dc50351c97df2d387da/original								t	3007
3961	5ee61dd80351c97df2d387e2	5ee61dd80351c97df2d387e2/thumbnail	5ee61dd80351c97df2d387e2/original								t	3011
3962	5ee61ddb0351c97df2d387e4	5ee61ddb0351c97df2d387e4/thumbnail	5ee61ddb0351c97df2d387e4/original								t	3012
3966	5ee61de50351c97df2d387ec	5ee61de50351c97df2d387ec/thumbnail	5ee61de50351c97df2d387ec/original								t	3016
3968	5ee61df20351c97df2d387f0	5ee61df20351c97df2d387f0/thumbnail	5ee61df20351c97df2d387f0/original								t	3018
3959	5ee61dcc0351c97df2d387de	5ee61dcc0351c97df2d387de/thumbnail	5ee61dcc0351c97df2d387de/original								t	3009
3965	5ee61de20351c97df2d387ea	5ee61de20351c97df2d387ea/thumbnail	5ee61de20351c97df2d387ea/original								t	3015
3969	5ee61df60351c97df2d387f2	5ee61df60351c97df2d387f2/thumbnail	5ee61df60351c97df2d387f2/original								t	3019
3960	5ee61dd00351c97df2d387e0	5ee61dd00351c97df2d387e0/thumbnail	5ee61dd00351c97df2d387e0/original								t	3010
3967	5ee61de70351c97df2d387ee	5ee61de70351c97df2d387ee/thumbnail	5ee61de70351c97df2d387ee/original								t	3017
3971	5ee61e120351c97df2d387f6	5ee61e120351c97df2d387f6/thumbnail	5ee61e120351c97df2d387f6/original								t	3021
3972	5ee61e140351c97df2d387f8	5ee61e140351c97df2d387f8/thumbnail	5ee61e140351c97df2d387f8/original								t	3022
3973	5ee61e160351c97df2d387fa	5ee61e160351c97df2d387fa/thumbnail	5ee61e160351c97df2d387fa/original								t	3023
3974	5ee61e170351c97df2d387fc	5ee61e170351c97df2d387fc/thumbnail	5ee61e170351c97df2d387fc/original								t	3024
3975	5ee61e240351c97df2d387fe	5ee61e240351c97df2d387fe/thumbnail	5ee61e240351c97df2d387fe/original								t	3025
3976	5ee61e280351c97df2d38800	5ee61e280351c97df2d38800/thumbnail	5ee61e280351c97df2d38800/original								t	3026
3977	5ee61e2a0351c97df2d38802	5ee61e2a0351c97df2d38802/thumbnail	5ee61e2a0351c97df2d38802/original								t	3027
3978	5ee61e2b0351c97df2d38804	5ee61e2b0351c97df2d38804/thumbnail	5ee61e2b0351c97df2d38804/original								t	3028
3979	5ee61e350351c97df2d38806	5ee61e350351c97df2d38806/thumbnail	5ee61e350351c97df2d38806/original								t	3029
3980	5ee61e390351c97df2d38808	5ee61e390351c97df2d38808/thumbnail	5ee61e390351c97df2d38808/original								t	3030
3981	5ee61e400351c97df2d3880a	5ee61e400351c97df2d3880a/thumbnail	5ee61e400351c97df2d3880a/original								t	3031
3982	5ee61e450351c97df2d3880c	5ee61e450351c97df2d3880c/thumbnail	5ee61e450351c97df2d3880c/original								t	3032
3983	5ee61e480351c97df2d3880e	5ee61e480351c97df2d3880e/thumbnail	5ee61e480351c97df2d3880e/original								t	3033
3984	5ee61e4a0351c97df2d38810	5ee61e4a0351c97df2d38810/thumbnail	5ee61e4a0351c97df2d38810/original								t	3034
3985	5ee61e500351c97df2d38812	5ee61e500351c97df2d38812/thumbnail	5ee61e500351c97df2d38812/original								t	3035
3987	5ee61e570351c97df2d38817	5ee61e570351c97df2d38817/thumbnail	5ee61e570351c97df2d38817/original								f	3036
3988	5ee61e590351c97df2d38819	5ee61e590351c97df2d38819/thumbnail	5ee61e590351c97df2d38819/original								t	3037
3989	5ee61e5b0351c97df2d3881b	5ee61e5b0351c97df2d3881b/thumbnail	5ee61e5b0351c97df2d3881b/original								t	3038
3990	5ee61e640351c97df2d3881d	5ee61e640351c97df2d3881d/thumbnail	5ee61e640351c97df2d3881d/original								t	3039
3991	5ee61e670351c97df2d3881f	5ee61e670351c97df2d3881f/thumbnail	5ee61e670351c97df2d3881f/original								t	3040
3992	5ee61e770351c97df2d38821	5ee61e770351c97df2d38821/thumbnail	5ee61e770351c97df2d38821/original								t	3041
3993	5ee61e7d0351c97df2d38823	5ee61e7d0351c97df2d38823/thumbnail	5ee61e7d0351c97df2d38823/original								t	3042
3994	5ee61e820351c97df2d38825	5ee61e820351c97df2d38825/thumbnail	5ee61e820351c97df2d38825/original								t	3043
3995	5ee61e840351c97df2d38827	5ee61e840351c97df2d38827/thumbnail	5ee61e840351c97df2d38827/original								t	3044
3996	5ee61e870351c97df2d38829	5ee61e870351c97df2d38829/thumbnail	5ee61e870351c97df2d38829/original								t	3045
3997	5ee61e890351c97df2d3882b	5ee61e890351c97df2d3882b/thumbnail	5ee61e890351c97df2d3882b/original								t	3046
3998	5ee61e900351c97df2d3882d	5ee61e900351c97df2d3882d/thumbnail	5ee61e900351c97df2d3882d/original								t	3047
3999	5ee61e940351c97df2d3882f	5ee61e940351c97df2d3882f/thumbnail	5ee61e940351c97df2d3882f/original								t	3048
4000	5ee61e980351c97df2d38831	5ee61e980351c97df2d38831/thumbnail	5ee61e980351c97df2d38831/original								t	3049
4101	5ee61e9e0351c97df2d38833	5ee61e9e0351c97df2d38833/thumbnail	5ee61e9e0351c97df2d38833/original								t	3050
4102	5ee61ea30351c97df2d38835	5ee61ea30351c97df2d38835/thumbnail	5ee61ea30351c97df2d38835/original								t	3101
4103	5ee61ea90351c97df2d38837	5ee61ea90351c97df2d38837/thumbnail	5ee61ea90351c97df2d38837/original								t	3102
4104	5ee61eab0351c97df2d38839	5ee61eab0351c97df2d38839/thumbnail	5ee61eab0351c97df2d38839/original								t	3103
4105	5ee61ec20351c97df2d3883b	5ee61ec20351c97df2d3883b/thumbnail	5ee61ec20351c97df2d3883b/original								t	3104
7501	5ee720ac0351c97df2d3883d	5ee720ac0351c97df2d3883d/thumbnail	5ee720ac0351c97df2d3883d/original								f	
1201	5ee98912da935c04d1d44da6	5ee98912da935c04d1d44da6/thumbnail	5ee98912da935c04d1d44da6/original								f	
1202	5ee9891fda935c04d1d44da8	5ee9891fda935c04d1d44da8/thumbnail	5ee9891fda935c04d1d44da8/original								f	
1203	5ee98930da935c04d1d44daa	5ee98930da935c04d1d44daa/thumbnail	5ee98930da935c04d1d44daa/original								f	
1204	5ee98940da935c04d1d44dac	5ee98940da935c04d1d44dac/thumbnail	5ee98940da935c04d1d44dac/original								f	
1205	5ee9894dda935c04d1d44dae	5ee9894dda935c04d1d44dae/thumbnail	5ee9894dda935c04d1d44dae/original								f	
1206	5ee9895bda935c04d1d44db0	5ee9895bda935c04d1d44db0/thumbnail	5ee9895bda935c04d1d44db0/original								f	
1207	5ee98969da935c04d1d44db2	5ee98969da935c04d1d44db2/thumbnail	5ee98969da935c04d1d44db2/original								f	
1208	5ee98975da935c04d1d44db4	5ee98975da935c04d1d44db4/thumbnail	5ee98975da935c04d1d44db4/original								f	
1209	5ee98980da935c04d1d44db6	5ee98980da935c04d1d44db6/thumbnail	5ee98980da935c04d1d44db6/original								f	
1210	5ee98990da935c04d1d44db8	5ee98990da935c04d1d44db8/thumbnail	5ee98990da935c04d1d44db8/original								f	
1211	5ee9899dda935c04d1d44dba	5ee9899dda935c04d1d44dba/thumbnail	5ee9899dda935c04d1d44dba/original								f	
1212	5ee989abda935c04d1d44dbc	5ee989abda935c04d1d44dbc/thumbnail	5ee989abda935c04d1d44dbc/original								f	
1213	5ee989beda935c04d1d44dbe	5ee989beda935c04d1d44dbe/thumbnail	5ee989beda935c04d1d44dbe/original								f	
1214	5ee989d9da935c04d1d44dc0	5ee989d9da935c04d1d44dc0/thumbnail	5ee989d9da935c04d1d44dc0/original								f	
1215	5ee989e8da935c04d1d44dc2	5ee989e8da935c04d1d44dc2/thumbnail	5ee989e8da935c04d1d44dc2/original								f	
1216	5ee989f6da935c04d1d44dc4	5ee989f6da935c04d1d44dc4/thumbnail	5ee989f6da935c04d1d44dc4/original								f	
1217	5ee98a04da935c04d1d44dc6	5ee98a04da935c04d1d44dc6/thumbnail	5ee98a04da935c04d1d44dc6/original								f	
1218	5ee98a14da935c04d1d44dc8	5ee98a14da935c04d1d44dc8/thumbnail	5ee98a14da935c04d1d44dc8/original								f	
1219	5ee98a23da935c04d1d44dca	5ee98a23da935c04d1d44dca/thumbnail	5ee98a23da935c04d1d44dca/original								f	
1220	5ee98a30da935c04d1d44dcc	5ee98a30da935c04d1d44dcc/thumbnail	5ee98a30da935c04d1d44dcc/original								f	
1221	5ee98a43da935c04d1d44dce	5ee98a43da935c04d1d44dce/thumbnail	5ee98a43da935c04d1d44dce/original								f	
1222	5ee98a51da935c04d1d44dd0	5ee98a51da935c04d1d44dd0/thumbnail	5ee98a51da935c04d1d44dd0/original								f	
1223	5ee98a62da935c04d1d44dd2	5ee98a62da935c04d1d44dd2/thumbnail	5ee98a62da935c04d1d44dd2/original								f	
1224	5ee98a75da935c04d1d44dd4	5ee98a75da935c04d1d44dd4/thumbnail	5ee98a75da935c04d1d44dd4/original								f	
1225	5ee98a89da935c04d1d44dd6	5ee98a89da935c04d1d44dd6/thumbnail	5ee98a89da935c04d1d44dd6/original								f	
1226	5ee98a98da935c04d1d44dd8	5ee98a98da935c04d1d44dd8/thumbnail	5ee98a98da935c04d1d44dd8/original								f	
