2702	Lily & Rose Scented Soy Wax Candle	ACESHOPI08	020500003688	ZZW4947	ABC311223341	0.05	39.90	31.70		10			0	5.50	1	100			f	15	14	13	1.62	0	0	0	0.00	0	0	""			2020-06-14 04:48:51.308	2020-06-14 04:48:51.308	0		Canningvale Australia;Soy Wax Candle;	""	5ee61b0a0351c97df2d3869d/thumbnail	t	t	f	Thet Lwin Oo	2020-06-14 04:48:59.363521	13702	13702	13702	13701	13701	13701	13701	1258	1402	1856	51092	1101	2552
2710	Toscana Waffle Blanket - Nero Charcoal	ACESHOPI03	020900001069	ZZW6985	ABC89001121	0.05	74.90	59.50		10			0	5.50	1	100			f	37	14	37	2.70	0	0	0	0.00	0	0	""			2020-06-14 04:48:51.308	2020-06-14 04:48:51.308	0		Canningvale Australia;Toscana;Waffle Blanket	""	5ee61b250351c97df2d386ad/thumbnail	t	t	f	Thet Lwin Oo	2020-06-14 04:48:59.601519	13702	13702	13702	13701	13701	13701	13701	1253	1402	1852	51092	1101	2556
2715	Royal Splendour 6 Piece Pack - White	ACESHOPI13	021100001054	ZZW6402	ABC533445561	0.05	74.90	59.50		6			0	5.50	1	100			f	24	17	34	2.06	0	0	0	0.00	0	0	""			2020-06-14 04:48:51.308	2020-06-14 04:48:51.308	0		Canningvale Australia;Royal Splendour;Towel Set	""	5ee61b3b0351c97df2d386b7/thumbnail	t	t	f	Thet Lwin Oo	2020-06-14 04:48:59.797522	13702	13702	13702	13701	13701	13701	13701	1251	1402	1851	51092	1101	2557
2717	Royal Splendour 6 Piece Towel Set Visone Brown	ACESHOPI16	021100001053	ZZW4291	ABC666778893	0.05	74.90	59.50		6			0	5.50	1	100			f	24	17	34	2.06	0	0	0	0.00	0	0	""			2020-06-14 04:48:51.308	2020-06-14 04:48:51.308	0		Canningvale Australia;Royal Splendour;Towel Set	""	5ee61b440351c97df2d386bb/thumbnail	t	t	f	Thet Lwin Oo	2020-06-14 04:48:59.804523	13702	13702	13702	13701	13701	13701	13701	1265	1402	1851	51092	1101	2559
2718	Royal Splendour 3 Piece Pack - White	ACESHOPI19	021100001210	ZZW3611	ABC800112225	0.05	39.90	31.70		3			0	5.50	1	100			f	23	17	34	0.90	0	0	0	0.00	0	0	""			2020-06-14 04:48:51.308	2020-06-14 04:48:51.308	0		Canningvale Australia;Royal Splendour;Towel Set	""	5ee61b460351c97df2d386bd/thumbnail	t	t	f	Thet Lwin Oo	2020-06-14 04:49:00.009519	13702	13702	13702	13701	13701	13701	13701	1251	1402	1851	51092	1101	2562
2722	Royal Splendour 3 Piece Pack - Mezzanotte Blue	ACESHOPI20	021100001209	ZZW9761	ABC844556669	0.05	39.90	31.70		3			0	5.50	1	100			f	23	8	34	0.90	0	0	0	0.00	0	0	""			2020-06-14 04:48:51.308	2020-06-14 04:48:51.308	0		Canningvale Australia;Royal Splendour;Towel Set	""	5ee61b710351c97df2d386c8/thumbnail	t	t	f	Thet Lwin Oo	2020-06-14 04:49:00.01852	13702	13702	13702	13701	13701	13701	13701	1264	1402	1851	51092	1101	2562
2724	Royal Splendour Hand Towel - Powder Blue	ACESHOPI43	021100001145	ZZW7353	ABC1866778881	0.05	16.90	13.43		10			0	5.50	1	100			f	22	1	34	0.20	0	0	0	0.00	0	0	""			2020-06-14 04:48:51.309	2020-06-14 04:48:51.309	0		Canningvale Australia;Royal Splendour;Hand Towel	""	5ee61b820351c97df2d386cf/thumbnail	t	t	f	Thet Lwin Oo	2020-06-14 04:49:00.218519	13702	13702	13702	13701	13701	13701	13701	1263	1402	1851	51092	1101	2563
2727	Royal Splendour Hand Towel - Angora Wheat	ACESHOPI46	021100001142	ZZW94	ABC2000112213	0.05	16.90	13.43		10			0	5.50	1	100			f	22	1	34	0.20	0	0	0	0.00	0	0	""			2020-06-14 04:48:51.309	2020-06-14 04:48:51.309	0		Canningvale Australia;Royal Splendour;Hand Towel	""	5ee61b8a0351c97df2d386d5/thumbnail	t	t	f	Thet Lwin Oo	2020-06-14 04:49:00.220519	13702	13702	13702	13701	13701	13701	13701	1267	1402	1851	51092	1101	2563
2732	Royal Splendour Bath Sheet - Silver	ACESHOPI27	021100001061	ZZW3721	ABC1155667777	0.05	29.90	23.75		10			0	5.50	1	100			f	30	6	42	0.95	0	0	0	0.00	0	0	""			2020-06-14 04:48:51.309	2020-06-14 04:48:51.309	0		Canningvale Australia;Royal Splendour;Bath Sheet	""	5ee61ba60351c97df2d386df/thumbnail	t	t	f	Thet Lwin Oo	2020-06-14 04:49:00.432867	13702	13702	13702	13701	13701	13701	13701	1266	1402	1851	51092	1101	2564
2735	Royal Splendour Bath Mat - White	ACESHOPI56	021100001168	ZZW9673	ABC1850410643	0.05	19.90	15.81		10			0	5.50	1	100			f	22	1	31	0.46	0	0	0	0.00	0	0	""			2020-06-14 04:48:51.309	2020-06-14 04:48:51.309	0		Canningvale Australia;Royal Splendour;Bath Mat	""	5ee61bad0351c97df2d386e5/thumbnail	t	t	f	Thet Lwin Oo	2020-06-14 04:49:00.454519	13702	13702	13702	13701	13701	13701	13701	1251	1402	1851	51092	1101	2567
2737	Royal Splendour Bath Mat - Mezzanotte Blue	ACESHOPI60	021100001161	ZZW423	ABC1672632867	0.05	19.90	15.81		10			0	5.50	1	100			f	22	4	31	0.46	0	0	0	0.00	0	0	""			2020-06-14 04:48:51.309	2020-06-14 04:48:51.309	0		Canningvale Australia;Royal Splendour;Bath Mat	""	5ee61bbd0351c97df2d386e9/thumbnail	t	t	f	Thet Lwin Oo	2020-06-14 04:49:00.64552	13702	13702	13702	13701	13701	13701	13701	1264	1402	1851	51092	1101	2567
2740	Royal Splendour Bath Mat - Visone Brown	ACESHOPI61	021100001167	ZZW759	ABC1628188423	0.05	19.90	15.81		10			0	5.50	1	100			f	22	4	31	0.46	0	0	0	0.00	0	0	""			2020-06-14 04:48:51.309	2020-06-14 04:48:51.309	0		Canningvale Australia;Royal Splendour;Bath Mat	""	5ee61bc40351c97df2d386ef/thumbnail	t	t	f	Thet Lwin Oo	2020-06-14 04:49:00.648519	13702	13702	13702	13701	13701	13701	13701	1265	1402	1851	51092	1101	2567
2747	Royal Splendour Bath Towel - Royale Purple	ACESHOPI33	021100001138	ZZW954	ABC1422334441	0.05	24.90	19.78		10			0	5.50	1	100			f	24	4	35	0.62	0	0	0	0.00	0	0	""			2020-06-14 04:48:51.309	2020-06-14 04:48:51.309	0		Canningvale Australia;Royal Splendour;Bath Towel	""	5ee61c010351c97df2d386fe/thumbnail	t	t	f	Thet Lwin Oo	2020-06-14 04:49:00.874523	13702	13702	13702	13701	13701	13701	13701	10301	1402	1851	51092	1101	2566
2750	Royal Splendour Bath Towel - Angora Wheat	ACESHOPI37	021100001133	ZZW321	ABC1600112217	0.05	24.90	19.78		10			0	5.50	1	100			f	24	4	35	0.62	0	0	0	0.00	0	0	""			2020-06-14 04:48:51.309	2020-06-14 04:48:51.309	0		Canningvale Australia;Royal Splendour;Bath Towel	""	5ee61c100351c97df2d38704/thumbnail	t	t	f	Thet Lwin Oo	2020-06-14 04:49:01.083946	13702	13702	13702	13701	13701	13701	13701	1267	1402	1851	51092	1101	2566
2803	Royal Splendour Bath Towel - Porcini	ACESHOPI39	021100003757	ZZW7276	ABC1689001105	0.05	24.90	19.78		10			0	5.50	1	100			f	24	4	35	0.62	0	0	0	0.00	0	0	""			2020-06-14 04:48:51.309	2020-06-14 04:48:51.309	0		Canningvale Australia;Royal Splendour;Bath Towel	""	5ee61c1b0351c97df2d3870a/thumbnail	t	t	f	Thet Lwin Oo	2020-06-14 04:49:01.105944	13702	13702	13702	13701	13701	13701	13701	1271	1402	1851	51092	1101	2566
2805	Royal Splendour Bath Towel - Blush	ACESHOPI40	021100003704	ZZW6387	ABC1733445549	0.05	24.90	19.78		10			0	5.50	1	100			f	24	4	35	0.62	0	0	0	0.00	0	0	""			2020-06-14 04:48:51.309	2020-06-14 04:48:51.309	0		Canningvale Australia;Royal Splendour;Bath Towel	""	5ee61c210351c97df2d3870e/thumbnail	t	t	f	Thet Lwin Oo	2020-06-14 04:49:01.309943	13702	13702	13702	13701	13701	13701	13701	1272	1402	1851	51092	1101	2566
2714	Royal Splendour 6 Piece Pack - Mezzanotte Blue	ACESHOPI15	021100001047	ZZW7112	ABC622334449	0.05	74.90	59.50		6			0	5.50	1	100			f	24	17	34	2.06	0	0	0	0.00	0	0	""			2020-06-14 04:48:51.308	2020-06-14 04:48:51.308	0		Canningvale Australia;Royal Splendour;Towel Set	""	5ee61b380351c97df2d386b5/thumbnail	t	t	f	Thet Lwin Oo	2020-06-14 04:48:59.796522	13702	13702	13702	13701	13701	13701	13701	1264	1402	1851	51092	1101	2557
2729	Royal Splendour Bath Sheet - Oceano Teal	ACESHOPI23	021100001058	ZZW189	ABC977890001	0.05	29.90	23.75		10			0	5.50	1	100			f	30	6	42	0.95	0	0	0	0.00	0	0	""			2020-06-14 04:48:51.309	2020-06-14 04:48:51.309	0		Canningvale Australia;Royal Splendour;Bath Sheet	""	5ee61b930351c97df2d386d9/thumbnail	t	t	f	Thet Lwin Oo	2020-06-14 04:49:00.235519	13702	13702	13702	13701	13701	13701	13701	1268	1402	1851	51092	1101	2564
2733	Royal Splendour Bath Sheet - Storm Grey	ACESHOPI25	021100001062	ZZW1326	ABC1066778889	0.05	29.90	23.75		10			0	5.50	1	100			f	30	6	42	0.95	0	0	0	0.00	0	0	""			2020-06-14 04:48:51.309	2020-06-14 04:48:51.309	0		Canningvale Australia;Royal Splendour;Bath Sheet	""	5ee61ba80351c97df2d386e1/thumbnail	t	t	f	Thet Lwin Oo	2020-06-14 04:49:00.433518	13702	13702	13702	13701	13701	13701	13701	1269	1402	1851	51092	1101	2564
2736	Royal Splendour Bath Mat - Oceano Teal	ACESHOPI57	021100001162	ZZW5747	ABC1805966199	0.05	19.90	15.81		10			0	5.50	1	100			f	22	4	31	0.46	0	0	0	0.00	0	0	""			2020-06-14 04:48:51.309	2020-06-14 04:48:51.309	0		Canningvale Australia;Royal Splendour;Bath Mat	""	5ee61bba0351c97df2d386e7/thumbnail	t	t	f	Thet Lwin Oo	2020-06-14 04:49:00.64452	13702	13702	13702	13701	13701	13701	13701	1268	1402	1851	51092	1101	2567
2744	Royal Splendour Bath Towel - White	ACESHOPI29	021100001141	ZZW292	ABC1244556665	0.05	24.90	19.78		10			0	5.50	1	100			f	24	6	35	0.62	0	0	0	0.00	0	0	""			2020-06-14 04:48:51.309	2020-06-14 04:48:51.309	0		Canningvale Australia;Royal Splendour;Bath Towel	""	5ee61bf20351c97df2d386f8/thumbnail	t	t	f	Thet Lwin Oo	2020-06-14 04:49:00.863529	13702	13702	13702	13701	13701	13701	13701	1251	1402	1851	51092	1101	2566
2749	Royal Splendour Bath Towel - Visone Brown	ACESHOPI35	021100001140	ZZW7258	ABC1511223329	0.05	24.90	19.78		10			0	5.50	1	100			f	24	4	35	0.62	0	0	0	0.00	0	0	""			2020-06-14 04:48:51.309	2020-06-14 04:48:51.309	0		Canningvale Australia;Royal Splendour;Bath Towel	""	5ee61c0d0351c97df2d38702/thumbnail	t	t	f	Thet Lwin Oo	2020-06-14 04:49:01.082945	13702	13702	13702	13701	13701	13701	13701	1265	1402	1851	51092	1101	2566
2807	Royal Splendour Face Washer - Powder Blue	ACESHOPI49	021100001154	ZZW9483	ABC2133445545	0.05	12.90	10.25		10			0	5.50	1	100			f	17	1	17	0.08	0	0	0	0.00	0	0	""			2020-06-14 04:48:51.309	2020-06-14 04:48:51.309	0		Canningvale Australia;Royal Splendour;Face Washer	""	5ee61c260351c97df2d38712/thumbnail	t	t	f	Thet Lwin Oo	2020-06-14 04:49:01.311945	13702	13702	13702	13701	13701	13701	13701	1263	1402	1851	51092	1101	2565
2815	Royal Splendour Face Washer - Angora Wheat	ACESHOPI55	021100001151	ZZW1317	ABC1894855087	0.05	12.90	10.25		10			0	5.50	1	100			f	17	1	17	0.08	0	0	0	0.00	0	0	""			2020-06-14 04:48:51.309	2020-06-14 04:48:51.309	0		Canningvale Australia;Royal Splendour;Face Washer	""	5ee61c3e0351c97df2d38722/thumbnail	t	t	f	Thet Lwin Oo	2020-06-14 04:49:01.542944	13702	13702	13702	13701	13701	13701	13701	1267	1402	1851	51092	1101	2565
2820	Egyptian Royale Bath towel - Caramello Gold	ACESHOPI78	021100001398	ZZW6812	ABC872632875	0.05	34.90	27.72		10			0	5.50	1	100			f	25	4	34	0.64	0	0	0	0.00	0	0	""			2020-06-14 04:48:51.31	2020-06-14 04:48:51.31	0		Canningvale Australia;Royal Splendour;Bath Towel	""	5ee61c4d0351c97df2d3872c/thumbnail	t	t	f	Thet Lwin Oo	2020-06-14 04:49:01.746943	13702	13702	13702	13701	13701	13701	13701	1275	1402	1855	51092	1101	2571
2825	Egyptian Royale Bath towel - Porcini	ACESHOPI83	021100001402	ZZW1839	ABC650410655	0.05	34.90	27.72		10			0	5.50	1	100			f	25	4	34	0.64	0	0	0	0.00	0	0	""			2020-06-14 04:48:51.31	2020-06-14 04:48:51.31	0		Canningvale Australia;Royal Splendour;Bath Towel	""	5ee61c5d0351c97df2d38736/thumbnail	t	t	f	Thet Lwin Oo	2020-06-14 04:49:01.952945	13702	13702	13702	13701	13701	13701	13701	1271	1402	1855	51092	1101	2571
2830	Egyptian Royale 4 Piece Pack - Porcini	ACESHOPI69	021100001385	ZZW6706	ABC1272632871	0.05	79.90	63.47		4			0	5.50	1	100			f	25	14	34	1.58	0	0	0	0.00	0	0	""			2020-06-14 04:48:51.31	2020-06-14 04:48:51.31	0		Canningvale Australia;Royal Splendour;Towel Set	""	5ee61c7e0351c97df2d38740/thumbnail	t	t	f	Thet Lwin Oo	2020-06-14 04:49:02.173944	13702	13702	13702	13701	13701	13701	13701	1271	1402	1855	51092	1101	2570
2845	Egyptian Royale Bath Mat - Caramello Gold	ACESHOPI97	021100001437	ZZW3457	ABC28188439	0.05	24.90	19.78		10			0	5.50	1	100			f	22	4	31	0.46	0	0	0	0.00	0	0	""			2020-06-14 04:48:51.31	2020-06-14 04:48:51.31	0		Canningvale Australia;Royal Splendour;Bath Mat	""	5ee61cb80351c97df2d3875c/thumbnail	t	t	f	Thet Lwin Oo	2020-06-14 04:49:02.620945	13702	13702	13702	13701	13701	13701	13701	1275	1402	1855	51092	1101	2578
2846	Egyptian Royale Bath Mat - Porcini	ACESHOPI101	021100001442	ZZW5495	ABC149589337	0.05	24.90	19.78		10			0	5.50	1	100			f	22	4	31	0.46	0	0	0	0.00	0	0	""			2020-06-14 04:48:51.31	2020-06-14 04:48:51.31	0		Canningvale Australia;Royal Splendour;Bath Mat	""	5ee61cbb0351c97df2d3875e/thumbnail	t	t	f	Thet Lwin Oo	2020-06-14 04:49:02.820944	13702	13702	13702	13701	13701	13701	13701	1271	1402	1855	51092	1101	2578
2907	Penthouse Suite 6 Piece Set - Midnight Blue	ACESHOPI105	021100003693	ZZW9928	ABC327367113	0.05	69.90	55.53		6			0	5.50	1	100			f	23	12	34	1.28	0	0	0	0.00	0	0	""			2020-06-14 04:48:51.31	2020-06-14 04:48:51.31	0		Canningvale Australia;Penthouse Suite;Towel Set	""	5ee61cf20351c97df2d38775/thumbnail	t	t	f	Thet Lwin Oo	2020-06-14 04:49:03.055946	13702	13702	13702	13701	13701	13701	13701	1282	1402	1851	51092	1101	2579
2911	Amalfitana Bath Towel - Inverna Sage	ACESHOPI121	021100003712	ZZW7221	ABC1038478217	0.05	25.00	19.86		10			0	5.50	1	100			f	25	6	35	0.58	0	0	0	0.00	0	0	""			2020-06-14 04:48:51.311	2020-06-14 04:48:51.311	0		Canningvale Australia;Amalfitana;Bath Towel	""	5ee61d090351c97df2d3877d/thumbnail	t	t	f	Thet Lwin Oo	2020-06-14 04:49:03.255946	13702	13702	13702	13701	13701	13701	13701	1286	1402	1851	51092	1101	2580
2915	Riviera Bath Towel - Carrara White	ACESHOPI110	021100003699	ZZW8839	ABC549589333	0.05	34.90	27.72		1			0	5.50	1	100			f	25	15	35	0.55	0	0	0	0.00	0	0	""			2020-06-14 04:48:51.31	2020-06-14 04:48:51.31	0		Canningvale Australia;Riveira;Bath Towel	""	5ee61d150351c97df2d38785/thumbnail	t	t	f	Thet Lwin Oo	2020-06-14 04:49:03.437943	13702	13702	13702	13701	13701	13701	13701	1274	1402	1851	51092	1101	2582
2837	Egyptian Royale 7 Piece pack - Viola Purple	ACESHOPI74	021100001397	ZZW6818	ABC1050410651	0.05	99.90	79.36		7			0	5.50	1	100			f	25	17	34	2.34	0	0	0	0.00	0	0	""			2020-06-14 04:48:51.31	2020-06-14 04:48:51.31	0		Canningvale Australia;Royal Splendour;Towel Set	""		f	t	f	Thet Lwin Oo	2020-06-14 04:49:02.391944	13702	13702	13702	13701	13701	13701	13701	1279	1402	1855	51092	1101	2573
2716	Royal Splendour 6 Piece Towel Set Angora Wheat	ACESHOPI18	021100001046	ZZW1639	ABC755667781	0.05	74.90	59.50		6			0	5.50	1	100			f	24	17	34	2.06	0	0	0	0.00	0	0	""			2020-06-14 04:48:51.308	2020-06-14 04:48:51.308	0		Canningvale Australia;Royal Splendour;Towel Set	""	5ee61b420351c97df2d386b9/thumbnail	t	t	f	Thet Lwin Oo	2020-06-14 04:48:59.800523	13702	13702	13702	13701	13701	13701	13701	1267	1402	1851	51092	1101	2558
2720	Royal Splendour 3 Piece Towel Set - Angora Wheat	ACESHOPI21	021100001208	ZZW2841	ABC889001113	0.05	39.90	31.70		3			0	5.50	1	100			f	23	8	34	0.90	0	0	0	0.00	0	0	""			2020-06-14 04:48:51.308	2020-06-14 04:48:51.308	0		Canningvale Australia;Royal Splendour;Towel Set	""	5ee61b4f0351c97df2d386c1/thumbnail	t	t	f	Thet Lwin Oo	2020-06-14 04:49:00.014522	13702	13702	13702	13701	13701	13701	13701	1267	1402	1851	51092	1101	2561
2728	Royal Splendour Bath Sheet - White	ACESHOPI22	021100001064	ZZW8979	ABC933445557	0.05	29.90	23.75		10			0	5.50	1	100			f	30	8	42	0.95	0	0	0	0.00	0	0	""			2020-06-14 04:48:51.308	2020-06-14 04:48:51.308	0		Canningvale Australia;Royal Splendour;Bath Sheet	""	5ee61b8c0351c97df2d386d7/thumbnail	t	t	f	Thet Lwin Oo	2020-06-14 04:49:00.221519	13702	13702	13702	13701	13701	13701	13701	1251	1402	1851	51092	1101	2564
2731	Royal Splendour Bath Sheet - Angora Wheat	ACESHOPI28	021100001056	ZZW55	ABC1200112221	0.05	29.90	23.75		10			0	5.50	1	100			f	30	6	42	0.95	0	0	0	0.00	0	0	""			2020-06-14 04:48:51.309	2020-06-14 04:48:51.309	0		Canningvale Australia;Royal Splendour;Bath Sheet	""	5ee61b9d0351c97df2d386dd/thumbnail	t	t	f	Thet Lwin Oo	2020-06-14 04:49:00.43152	13702	13702	13702	13701	13701	13701	13701	1267	1402	1851	51092	1101	2564
2741	Royal Splendour Bath Mat - Silver	ACESHOPI62	021100001165	ZZW9808	ABC1583743979	0.05	19.90	15.81		10			0	5.50	1	100			f	22	4	31	0.46	0	0	0	0.00	0	0	""			2020-06-14 04:48:51.309	2020-06-14 04:48:51.309	0		Canningvale Australia;Royal Splendour;Bath Mat	""	5ee61bcb0351c97df2d386f1/thumbnail	t	t	f	Thet Lwin Oo	2020-06-14 04:49:00.655521	13702	13702	13702	13701	13701	13701	13701	1266	1402	1851	51092	1101	2567
2743	Royal Splendour Bath Towel - Storm Grey	ACESHOPI32	021100001139	ZZW1139	ABC1377889997	0.05	24.90	19.78		10			0	5.50	1	100			f	24	4	35	0.62	0	0	0	0.00	0	0	""			2020-06-14 04:48:51.309	2020-06-14 04:48:51.309	0		Canningvale Australia;Royal Splendour;Bath Towel	""	5ee61bec0351c97df2d386f6/thumbnail	t	t	f	Thet Lwin Oo	2020-06-14 04:49:00.862519	13702	13702	13702	13701	13701	13701	13701	1269	1402	1851	51092	1101	2566
2801	Royal Splendour Bath Towel - Brilliant Blue	ACESHOPI38	021100003703	ZZW202	ABC1644556661	0.05	24.90	19.78		10			0	5.50	1	100			f	24	4	35	0.62	0	0	0	0.00	0	0	""			2020-06-14 04:48:51.309	2020-06-14 04:48:51.309	0		Canningvale Australia;Royal Splendour;Bath Towel	""	5ee61c160351c97df2d38706/thumbnail	t	t	f	Thet Lwin Oo	2020-06-14 04:49:01.084946	13702	13702	13702	13701	13701	13701	13701	1270	1402	1851	51092	1101	2566
2808	Royal Splendour Face Washer - Storm Grey	ACESHOPI50	021100001157	ZZW4840	ABC2117077307	0.05	12.90	10.25		10			0	5.50	1	100			f	17	1	17	0.08	0	0	0	0.00	0	0	""			2020-06-14 04:48:51.309	2020-06-14 04:48:51.309	0		Canningvale Australia;Royal Splendour;Face Washer	""	5ee61c280351c97df2d38714/thumbnail	t	t	f	Thet Lwin Oo	2020-06-14 04:49:01.313945	13702	13702	13702	13701	13701	13701	13701	1273	1402	1851	51092	1101	2565
2811	Royal Splendour Face Washer - Mezzanotte Blue	ACESHOPI52	021100001152	ZZW7201	ABC2028188419	0.05	12.90	10.25		10			0	5.50	1	100			f	17	1	17	0.08	0	0	0	0.00	0	0	""			2020-06-14 04:48:51.309	2020-06-14 04:48:51.309	0		Canningvale Australia;Royal Splendour;Face Washer	""	5ee61c340351c97df2d3871a/thumbnail	t	t	f	Thet Lwin Oo	2020-06-14 04:49:01.524943	13702	13702	13702	13701	13701	13701	13701	1264	1402	1851	51092	1101	2565
2821	Egyptian Royale Bath towel - Viola Purple	ACESHOPI81	021100001420	ZZW6170	ABC739299543	0.05	34.90	27.72		10			0	5.50	1	100			f	25	4	34	0.64	0	0	0	0.00	0	0	""			2020-06-14 04:48:51.31	2020-06-14 04:48:51.31	0		Canningvale Australia;Royal Splendour;Bath Towel	""	5ee61c530351c97df2d3872e/thumbnail	t	t	f	Thet Lwin Oo	2020-06-14 04:49:01.748943	13702	13702	13702	13701	13701	13701	13701	1279	1402	1855	51092	1101	2571
2826	Egyptian Royale Face washer - Carrara White	ACESHOPI90	021100001429	ZZW6492	ABC339299547	0.05	14.90	11.84		10			0	5.50	1	100			f	17	1	17	0.08	0	0	0	0.00	0	0	""			2020-06-14 04:48:51.31	2020-06-14 04:48:51.31	0		Canningvale Australia;Royal Splendour;Face Washer	""	5ee61c610351c97df2d38738/thumbnail	t	t	f	Thet Lwin Oo	2020-06-14 04:49:01.954943	13702	13702	13702	13701	13701	13701	13701	1274	1402	1855	51092	1101	2569
2843	Egyptian Royale 7 Piece Pack - Porcini	ACESHOPI76	021100001392	ZZW3566	ABC961521763	0.05	99.90	79.36		7			0	5.50	1	100			f	25	17	34	2.34	0	0	0	0.00	0	0	""			2020-06-14 04:48:51.31	2020-06-14 04:48:51.31	0		Canningvale Australia;Royal Splendour;Towel Set	""	5ee61cb20351c97df2d38758/thumbnail	t	t	f	Thet Lwin Oo	2020-06-14 04:49:02.618069	13702	13702	13702	13701	13701	13701	13701	1271	1402	1855	51092	1101	2574
2850	Egyptian Royale Hand Towel - Cielo Blue	ACESHOPI86	021100001424	ZZW7249	ABC517077323	0.05	19.90	15.81		10			0	5.50	1	100			f	22	1	34	0.22	0	0	0	0.00	0	0	""			2020-06-14 04:48:51.31	2020-06-14 04:48:51.31	0		Canningvale Australia;Royal Splendour;Hand Towel	""	5ee61cd30351c97df2d38767/thumbnail	t	t	f	Thet Lwin Oo	2020-06-14 04:49:02.825944	13702	13702	13702	13701	13701	13701	13701	1276	1402	1855	51092	1101	2577
2905	Riviera 6 Piece Set - Denim Blue	ACESHOPI108	021100003697	ZZW5238	ABC460700445	0.05	95.90	76.18		6			0	5.50	1	100			f	25	15	35	1.88	0	0	0	0.00	0	0	""			2020-06-14 04:48:51.31	2020-06-14 04:48:51.31	0		Canningvale Australia;Riveira;Towel Set	""	5ee61cec0351c97df2d38771/thumbnail	t	t	f	Thet Lwin Oo	2020-06-14 04:49:03.049943	13702	13702	13702	13701	13701	13701	13701	1284	1402	1851	51092	1101	2576
2909	Amalfitana Bath Towel - Porcini	ACESHOPI123	021100003714	ZZW794	ABC1127367105	0.05	25.00	19.86		10			0	5.50	1	100			f	25	6	35	0.58	0	0	0	0.00	0	0	""			2020-06-14 04:48:51.311	2020-06-14 04:48:51.311	0		Canningvale Australia;Amalfitana;Bath Towel	""	5ee61cfa0351c97df2d38779/thumbnail	t	t	f	Thet Lwin Oo	2020-06-14 04:49:03.255946	13702	13702	13702	13701	13701	13701	13701	1271	1402	1851	51092	1101	2580
2713	Luxury Cotton Velour Beach Towel - Azura	ACESHOPI05	021000003755	ZZW9751	ABC177890009	0.05	29.90	23.75		10			0	5.50	1	100			f	29	5	45	0.76	0	0	0	0.00	0	0	""			2020-06-14 04:48:51.308	2020-06-14 04:48:51.308	0		Canningvale Australia;Luxury Cotton Velour;Beach Towel	""	5ee61b360351c97df2d386b3/thumbnail	t	t	f	Thet Lwin Oo	2020-06-14 04:48:59.795521	13702	13702	13702	13701	13701	13701	13701	1255	1402	1852	51092	1101	2551
2913	Amalfitana Bath Towel - Carrara White	ACESHOPI119	021100003710	ZZW3220	ABC949589329	0.05	25.00	19.86		10			0	5.50	1	100			f	25	21	35	0.58	0	0	0	0.00	0	0	""			2020-06-14 04:48:51.311	2020-06-14 04:48:51.311	0		Canningvale Australia;Amalfitana;Bath Towel	""	5ee61d0f0351c97df2d38781/thumbnail	t	t	f	Thet Lwin Oo	2020-06-14 04:49:03.423943	13702	13702	13702	13701	13701	13701	13701	1274	1402	1851	51092	1101	2580
2810	Royal Splendour Face Washer - Silver	ACESHOPI54	021100001156	ZZW407	ABC1939299531	0.05	12.90	10.25		10			0	5.50	1	100			f	17	1	17	0.08	0	0	0	0.00	0	0	""			2020-06-14 04:48:51.309	2020-06-14 04:48:51.309	0		Canningvale Australia;Royal Splendour;Face Washer	""	5ee61c2d0351c97df2d38718/thumbnail	t	t	f	Thet Lwin Oo	2020-06-14 04:49:01.524943	13702	13702	13702	13701	13701	13701	13701	1266	1402	1851	51092	1101	2565
2818	Egyptian Royale Bath towel - Cielo Blue	ACESHOPI79	021100001401	ZZW3410	ABC828188431	0.05	34.90	27.72		10			0	5.50	1	100			f	25	4	34	0.64	0	0	0	0.00	0	0	""			2020-06-14 04:48:51.31	2020-06-14 04:48:51.31	0		Canningvale Australia;Royal Splendour;Bath Towel	""	5ee61c480351c97df2d38728/thumbnail	t	t	f	Thet Lwin Oo	2020-06-14 04:49:01.746943	13702	13702	13702	13701	13701	13701	13701	1276	1402	1855	51092	1101	2571
2824	Egyptian Royale Face washer - Carbone Grey	ACESHOPI93	021100001432	ZZW5496	ABC205966215	0.05	14.90	11.84		10			0	5.50	1	100			f	17	1	17	0.08	0	0	0	0.00	0	0	""			2020-06-14 04:48:51.31	2020-06-14 04:48:51.31	0		Canningvale Australia;Royal Splendour;Face Washer	""	5ee61c5b0351c97df2d38734/thumbnail	t	t	f	Thet Lwin Oo	2020-06-14 04:49:01.951945	13702	13702	13702	13701	13701	13701	13701	1277	1402	1855	51092	1101	2569
2831	Egyptian Royale Hand towel - Caramello Gold	ACESHOPI85	021100001423	ZZW1055	ABC561521767	0.05	19.90	15.81		10			0	5.50	1	100			f	22	1	34	0.22	0	0	0	0.00	0	0	""			2020-06-14 04:48:51.31	2020-06-14 04:48:51.31	0		Canningvale Australia;Royal Splendour;Hand Towel	""	5ee61c870351c97df2d38742/thumbnail	t	t	f	Thet Lwin Oo	2020-06-14 04:49:02.174943	13702	13702	13702	13701	13701	13701	13701	1275	1402	1855	51092	1101	2572
2834	Egyptian Royale Hand towel - Viola Purple	ACESHOPI88	021100001426	ZZW8222	ABC428188435	0.05	19.90	15.81		10			0	5.50	1	100			f	22	1	34	0.22	0	0	0	0.00	0	0	""			2020-06-14 04:48:51.31	2020-06-14 04:48:51.31	0		Canningvale Australia;Royal Splendour;Hand Towel	""	5ee61c8f0351c97df2d38748/thumbnail	t	t	f	Thet Lwin Oo	2020-06-14 04:49:02.389943	13702	13702	13702	13701	13701	13701	13701	1279	1402	1855	51092	1101	2572
2844	Egyptian Royale Face Washer - Porcini	ACESHOPI95	021100001435	ZZW426	ABC117077327	0.05	14.90	11.84		10			0	5.50	1	100			f	17	1	17	0.08	0	0	0	0.00	0	0	""			2020-06-14 04:48:51.31	2020-06-14 04:48:51.31	0		Canningvale Australia;Royal Splendour;Face Washer	""	5ee61cb50351c97df2d3875a/thumbnail	t	t	f	Thet Lwin Oo	2020-06-14 04:49:02.617947	13702	13702	13702	13701	13701	13701	13701	1271	1402	1855	51092	1101	2575
2847	Egyptian Royale Bath Mat - Viola Purple	ACESHOPI100	021100001440	ZZW1245	ABC105144893	0.05	24.90	19.78		10			0	5.50	1	100			f	22	4	31	0.46	0	0	0	0.00	0	0	""			2020-06-14 04:48:51.31	2020-06-14 04:48:51.31	0		Canningvale Australia;Royal Splendour;Bath Mat	""	5ee61cc20351c97df2d38760/thumbnail	t	t	f	Thet Lwin Oo	2020-06-14 04:49:02.820944	13702	13702	13702	13701	13701	13701	13701	1279	1402	1855	51092	1101	2578
2903	Penthouse Suite 6 Piece Set - White	ACESHOPI102	021100003690	ZZW3995	ABC194033781	0.05	69.90	55.53		6			0	5.50	1	100			f	23	4	34	1.28	0	0	0	0.00	0	0	""			2020-06-14 04:48:51.31	2020-06-14 04:48:51.31	0		Canningvale Australia;Penthouse Suite;Towel Set	""	5ee61ce80351c97df2d3876d/thumbnail	t	t	f	Thet Lwin Oo	2020-06-14 04:49:03.035071	13702	13702	13702	13701	13701	13701	13701	1251	1402	1851	51092	1101	2579
2910	Amalfitana Bath Towel - Mezzanotte Blue	ACESHOPI122	021100003713	ZZW130	ABC1082922661	0.05	25.00	19.86		10			0	5.50	1	100			f	25	6	35	0.58	0	0	0	0.00	0	0	""			2020-06-14 04:48:51.311	2020-06-14 04:48:51.311	0		Canningvale Australia;Amalfitana;Bath Towel	""	5ee61d030351c97df2d3877b/thumbnail	t	t	f	Thet Lwin Oo	2020-06-14 04:49:03.254945	13702	13702	13702	13701	13701	13701	13701	1264	1402	1851	51092	1101	2580
2916	Aria Bath Towel - Cielo Blue	ACESHOPI131	021100003766	ZZW6803	ABC1482922657	0.05	49.90	39.64		10			0	5.50	1	100			f	25	9	34	0.70	0	0	0	0.00	0	0	""			2020-06-14 04:48:51.311	2020-06-14 04:48:51.311	0		Canningvale Australia;Aria;Bath Towel	""	5ee61d170351c97df2d38787/thumbnail	t	t	f	Thet Lwin Oo	2020-06-14 04:49:03.438955	13702	13702	13702	13701	13701	13701	13701	1276	1402	1851	51092	1101	2581
2919	Aria 6 Piece Set - Carrara White	ACESHOPI124	021100003759	ZZW4896	ABC1171811549	0.05	179.90	142.91		6			0	5.50	1	100			f	25	6	34	2.18	0	0	0	0.00	0	0	""			2020-06-14 04:48:51.311	2020-06-14 04:48:51.311	0		Canningvale Australia;Aria;Towel Set	""	5ee61d200351c97df2d3878d/thumbnail	t	t	f	Thet Lwin Oo	2020-06-14 04:49:03.641944	13702	13702	13702	13701	13701	13701	13701	1274	1402	1851	51092	1101	2584
2932	Bamboo Cotton Quilt Cover Set Queen Bed Fresco Blue	ACESHOPI137	020900001075	ZZW2743	ABC1749589321	0.05	99.90	79.36		3			0	5.50	1	100			f	22	5	30	1.70	0	0	0	0.00	0	0	""			2020-06-14 04:48:51.311	2020-06-14 04:48:51.311	0		Canningvale Australia;Bamboo Cotton;Quilt Cover Set	""	5ee61d580351c97df2d387a7/thumbnail	t	t	f	Thet Lwin Oo	2020-06-14 04:49:04.088945	13702	13702	13702	13701	13701	13701	13701	1292	1402	1854	51092	1101	2589
2938	Bamboo Cotton Quilt Cover Set King Bed Rosa Gold	ACESHOPI139	020900001079	ZZW486	ABC1838478209	0.05	109.90	87.30		3			0	5.50	1	100			f	22	7	30	1.90	0	0	0	0.00	0	0	""			2020-06-14 04:48:51.311	2020-06-14 04:48:51.311	0		Canningvale Australia;Bamboo Cotton;Quilt Cover Set	""	5ee61d6c0351c97df2d387b4/thumbnail	t	t	f	Thet Lwin Oo	2020-06-14 04:49:04.295944	13702	13702	13702	13701	13701	13701	13701	1291	1402	1854	51092	1101	2593
2948	Bamboo Cotton Sheet Set Single Bed Fresco Blue	ACESHOPI144	020900001081	ZZW5352	ABC2060700429	0.05	89.90	71.42		3			0	5.50	1	100			f	21	4	30	1.12	0	0	0	0.00	0	0	""			2020-06-14 04:48:51.311	2020-06-14 04:48:51.311	0		Canningvale Australia;Bamboo Cotton;Sheet Set	""	5ee61d9b0351c97df2d387c8/thumbnail	t	t	f	Thet Lwin Oo	2020-06-14 04:49:04.521943	13702	13702	13702	13701	13701	13701	13701	1292	1402	1854	51092	1101	2652
3004	Sogno Linen Cotton Pillowcase QCS Twin Pack Carrara White	ACESHOPI153	020900001112	ZZW1092	ABC1834266871	0.05	44.90	35.67		2			0	5.50	1	100			f	18	2	27	0.32	0	0	0	0.00	0	0	""			2020-06-14 04:48:51.312	2020-06-14 04:48:51.312	0		Canningvale Australia;Sogno Linen;Pillowcase	""	5ee61db20351c97df2d387d4/thumbnail	t	t	f	Thet Lwin Oo	2020-06-14 04:49:04.733944	13702	13702	13702	13701	13701	13701	13701	1274	1402	1853	51092	1101	2658
3009	Sogno Linen Cotton King Quilt Cover Set Indigo Blue	ACESHOPI158	020900001101	ZZW7107	ABC1612044651	0.05	129.90	103.19		3			0	5.50	1	100			f	22	9	31	2.10	0	0	0	0.00	0	0	""			2020-06-14 04:48:51.312	2020-06-14 04:48:51.312	0		Canningvale Australia;Sogno Linen;Quilt Cover Set	""	5ee61dcc0351c97df2d387de/thumbnail	t	t	f	Thet Lwin Oo	2020-06-14 04:49:04.953252	13702	13702	13702	13701	13701	13701	13701	1293	1402	1853	51092	1101	2663
2816	Egyptian Royale Bath towel - Carbone Grey	ACESHOPI80	021100001399	ZZW7770	ABC783743987	0.05	34.90	27.72		10			0	5.50	1	100			f	25	4	34	0.64	0	0	0	0.00	0	0	""			2020-06-14 04:48:51.31	2020-06-14 04:48:51.31	0		Canningvale Australia;Royal Splendour;Bath Towel	""	5ee61c410351c97df2d38724/thumbnail	t	t	f	Thet Lwin Oo	2020-06-14 04:49:01.743944	13702	13702	13702	13701	13701	13701	13701	1277	1402	1855	51092	1101	2571
2823	Egyptian Royale Face washer - Caramello Gold	ACESHOPI91	021100001430	ZZW7647	ABC294855103	0.05	14.90	11.84		10			0	5.50	1	100			f	17	1	17	0.08	0	0	0	0.00	0	0	""			2020-06-14 04:48:51.31	2020-06-14 04:48:51.31	0		Canningvale Australia;Royal Splendour;Face Washer	""	5ee61c570351c97df2d38732/thumbnail	t	t	f	Thet Lwin Oo	2020-06-14 04:49:01.951945	13702	13702	13702	13701	13701	13701	13701	1275	1402	1855	51092	1101	2569
2828	Egyptian Royale 4 Piece Pack - Cielo Blue	ACESHOPI66	021100001384	ZZW5392	ABC1405966203	0.05	79.90	63.47		4			0	5.50	1	100			f	25	14	34	1.58	0	0	0	0.00	0	0	""			2020-06-14 04:48:51.31	2020-06-14 04:48:51.31	0		Canningvale Australia;Royal Splendour;Towel Set	""	5ee61c700351c97df2d3873c/thumbnail	t	t	f	Thet Lwin Oo	2020-06-14 04:49:02.169943	13702	13702	13702	13701	13701	13701	13701	1276	1402	1855	51092	1101	2570
2838	Egyptian Royale 7 Piece pack - Carrara White	ACESHOPI70	021100001396	ZZW9709	ABC1228188427	0.05	99.90	79.36		7			0	5.50	1	100			f	25	14	34	2.34	0	0	0	0.00	0	0	""			2020-06-14 04:48:51.31	2020-06-14 04:48:51.31	0		Canningvale Australia;Royal Splendour;Towel Set	""	5ee61c9d0351c97df2d3874e/thumbnail	t	t	f	Thet Lwin Oo	2020-06-14 04:49:02.390944	13702	13702	13702	13701	13701	13701	13701	1274	1402	1855	51092	1101	2573
2842	Egyptian Royale 7 Piece Pack - Verdura Green	ACESHOPI75	021100001393	ZZW4010	ABC1005966207	0.05	99.90	79.36		7			0	5.50	1	100			f	25	17	34	2.34	0	0	0	0.00	0	0	""			2020-06-14 04:48:51.31	2020-06-14 04:48:51.31	0		Canningvale Australia;Royal Splendour;Towel Set	""	5ee61cb00351c97df2d38756/thumbnail	t	t	f	Thet Lwin Oo	2020-06-14 04:49:02.616945	13702	13702	13702	13701	13701	13701	13701	1278	1402	1855	51092	1101	2574
2901	Egyptian Royale Hand Towel - Porcini	ACESHOPI89	021100001428	ZZW6903	ABC383743991	0.05	19.90	15.81		10			0	5.50	1	100			f	22	1	34	0.22	0	0	0	0.00	0	0	""			2020-06-14 04:48:51.31	2020-06-14 04:48:51.31	0		Canningvale Australia;Royal Splendour;Hand Towel	""	5ee61ce20351c97df2d38769/thumbnail	t	t	f	Thet Lwin Oo	2020-06-14 04:49:02.828944	13702	13702	13702	13701	13701	13701	13701	1271	1402	1855	51092	1101	2577
2906	Penthouse Suite 6 Piece Set - Truffle	ACESHOPI104	021100003692	ZZW7902	ABC282922669	0.05	69.90	55.53		6			0	5.50	1	100			f	23	12	34	1.28	0	0	0	0.00	0	0	""			2020-06-14 04:48:51.31	2020-06-14 04:48:51.31	0		Canningvale Australia;Penthouse Suite;Towel Set	""	5ee61cf00351c97df2d38773/thumbnail	t	t	f	Thet Lwin Oo	2020-06-14 04:49:03.049943	13702	13702	13702	13701	13701	13701	13701	1281	1402	1851	51092	1101	2579
2912	Aria Bath Towel - Carrara White	ACESHOPI128	021100003763	ZZW9392	ABC1349589325	0.05	49.90	39.64		10			0	5.50	1	100			f	25	22	34	0.70	0	0	0	0.00	0	0	""			2020-06-14 04:48:51.311	2020-06-14 04:48:51.311	0		Canningvale Australia;Aria;Bath Towel	""	5ee61d0c0351c97df2d3877f/thumbnail	t	t	f	Thet Lwin Oo	2020-06-14 04:49:03.269946	13702	13702	13702	13701	13701	13701	13701	1274	1402	1851	51092	1101	2581
2917	Riviera Bath Towel - Rosa Pink	ACESHOPI111	021100003700	ZZW7277	ABC594033777	0.05	34.90	27.72		1			0	5.50	1	100			f	25	4	35	0.55	0	0	0	0.00	0	0	""			2020-06-14 04:48:51.31	2020-06-14 04:48:51.31	0		Canningvale Australia;Riveira;Bath Towel	""	5ee61d1b0351c97df2d38789/thumbnail	t	t	f	Thet Lwin Oo	2020-06-14 04:49:03.444944	13702	13702	13702	13701	13701	13701	13701	1283	1402	1851	51092	1101	2582
2923	Riviera Bath Towel - Luce Purple	ACESHOPI113	021100003702	ZZW9948	ABC682922665	0.05	34.90	27.72		1			0	5.50	1	100			f	25	4	35	0.55	0	0	0	0.00	0	0	""			2020-06-14 04:48:51.31	2020-06-14 04:48:51.31	0		Canningvale Australia;Riveira;Bath Towel	""	5ee61d2f0351c97df2d38795/thumbnail	t	t	f	Thet Lwin Oo	2020-06-14 04:49:03.654945	13702	13702	13702	13701	13701	13701	13701	1285	1402	1851	51092	1101	2582
2935	Bamboo Cotton Quilt Cover Set Single Bed Gelato Mint	ACESHOPI132	020900001072	ZZW9917	ABC1527367101	0.05	79.90	63.47		2			0	5.50	1	100			f	22	9	30	1.12	0	0	0	0.00	0	0	""			2020-06-14 04:48:51.311	2020-06-14 04:48:51.311	0		Canningvale Australia;Bamboo Cotton;Quilt Cover Set	""	5ee61d610351c97df2d387ab/thumbnail	t	t	f	Thet Lwin Oo	2020-06-14 04:49:04.092944	13702	13702	13702	13701	13701	13701	13701	1289	1402	1854	51092	1101	2587
2942	Bamboo Cotton Sheet Set Single Bed Perla Grey	ACESHOPI142	020900001083	ZZW8441	ABC1971811541	0.05	89.90	71.42		3			0	5.50	1	100			f	21	4	30	1.12	0	0	0	0.00	0	0	""			2020-06-14 04:48:51.311	2020-06-14 04:48:51.311	0		Canningvale Australia;Bamboo Cotton;Sheet Set	""	5ee61d8b0351c97df2d387bc/thumbnail	t	t	f	Thet Lwin Oo	2020-06-14 04:49:04.299944	13702	13702	13702	13701	13701	13701	13701	1290	1402	1854	51092	1101	2596
2943	Bamboo Cotton Sheet Set Queen Bed Gelato Mint	ACESHOPI145	020900001086	ZZW2656	ABC2105144873	0.05	109.90	87.30		4			0	5.50	1	100			f	22	4	30	2.18	0	0	0	0.00	0	0	""			2020-06-14 04:48:51.311	2020-06-14 04:48:51.311	0		Canningvale Australia;Bamboo Cotton;Sheet Set	""	5ee61d8d0351c97df2d387be/thumbnail	t	t	f	Thet Lwin Oo	2020-06-14 04:49:04.513944	13702	13702	13702	13701	13701	13701	13701	1289	1402	1854	51092	1101	2598
3003	Bamboo Cotton Sheet Set King Bed Gelato Mint	ACESHOPI148	020900001090	ZZW4167	ABC2056489091	0.05	119.90	95.25		4			0	5.50	1	100			f	22	9	30	2.38	0	0	0	0.00	0	0	""			2020-06-14 04:48:51.311	2020-06-14 04:48:51.311	0		Canningvale Australia;Bamboo Cotton;Sheet Set	""	5ee61db00351c97df2d387d2/thumbnail	t	t	f	Thet Lwin Oo	2020-06-14 04:49:04.730943	13702	13702	13702	13701	13701	13701	13701	1289	1402	1854	51092	1101	2653
3005	Sogno Linen Cotton Queen Quilt Cover Set Tempesto Grey	ACESHOPI155	020900001096	ZZW1850	ABC1745377983	0.05	119.90	95.25		3			0	5.50	1	100			f	22	9	31	1.96	0	0	0	0.00	0	0	""			2020-06-14 04:48:51.312	2020-06-14 04:48:51.312	0		Canningvale Australia;Sogno Linen;Quilt Cover Set	""	5ee61db50351c97df2d387d6/thumbnail	t	t	f	Thet Lwin Oo	2020-06-14 04:49:04.948943	13702	13702	13702	13701	13701	13701	13701	1294	1402	1853	51092	1101	2660
3012	Sogno Linen Cotton Queen Quilt Cover Set Amore Blush	ACESHOPI157	020900001095	ZZW4761	ABC1656489095	0.05	119.90	95.25		3			0	5.50	1	100			f	22	9	31	1.96	0	0	0	0.00	0	0	""			2020-06-14 04:48:51.312	2020-06-14 04:48:51.312	0		Canningvale Australia;Sogno Linen;Quilt Cover Set	""	5ee61ddb0351c97df2d387e4/thumbnail	t	t	f	Thet Lwin Oo	2020-06-14 04:49:05.157943	13702	13702	13702	13701	13701	13701	13701	1296	1402	1853	51092	1101	2662
2914	Aria Bath Towel - Fiore Dusky Rose	ACESHOPI129	021100003764	ZZW5773	ABC1394033769	0.05	49.90	39.64		10			0	5.50	1	100			f	25	9	34	0.70	0	0	0	0.00	0	0	""			2020-06-14 04:48:51.311	2020-06-14 04:48:51.311	0		Canningvale Australia;Aria;Bath Towel	""	5ee61d120351c97df2d38783/thumbnail	t	t	f	Thet Lwin Oo	2020-06-14 04:49:03.437943	13702	13702	13702	13701	13701	13701	13701	1287	1402	1851	51092	1101	2581
2922	Aria 6 Piece Set - Fiore Dusky Rose	ACESHOPI125	021100003760	ZZW128	ABC1216255993	0.05	179.90	142.91		6			0	5.50	1	100			f	25	22	34	2.18	0	0	0	0.00	0	0	""			2020-06-14 04:48:51.311	2020-06-14 04:48:51.311	0		Canningvale Australia;Aria;Towel Set	""	5ee61d2d0351c97df2d38793/thumbnail	t	t	f	Thet Lwin Oo	2020-06-14 04:49:03.654945	13702	13702	13702	13701	13701	13701	13701	1287	1402	1851	51092	1101	2584
2926	Amalfitana 7 Piece Towel Set - Carrara White	ACESHOPI114	021100003705	ZZW38	ABC727367109	0.05	79.90	63.47		7			0	5.50	1	100			f	25	4	35	2.26	0	0	0	0.00	0	0	""			2020-06-14 04:48:51.31	2020-06-14 04:48:51.31	0		Canningvale Australia;Amalfitana;Towel Set	""	5ee61d3e0351c97df2d3879b/thumbnail	t	t	f	Thet Lwin Oo	2020-06-14 04:49:03.860943	13702	13702	13702	13701	13701	13701	13701	1274	1402	1851	51092	1101	2586
2934	Bamboo Cotton Quilt Cover Set Single Bed Perla Grey	ACESHOPI133	020900001073	ZZW7334	ABC1571811545	0.05	79.90	63.47		2			0	5.50	1	100			f	22	4	30	1.12	0	0	0	0.00	0	0	""			2020-06-14 04:48:51.311	2020-06-14 04:48:51.311	0		Canningvale Australia;Bamboo Cotton;Quilt Cover Set	""	5ee61d650351c97df2d387ae/thumbnail	t	t	f	Thet Lwin Oo	2020-06-14 04:49:04.089944	13702	13702	13702	13701	13701	13701	13701	1290	1402	1854	51092	1101	2588
2941	Bamboo Cotton Sheet Set Single Bed Gelato Mint	ACESHOPI141	020900001082	ZZW4254	ABC1927367097	0.05	89.90	71.42		3			0	5.50	1	100			f	21	7	30	1.12	0	0	0	0.00	0	0	""			2020-06-14 04:48:51.311	2020-06-14 04:48:51.311	0		Canningvale Australia;Bamboo Cotton;Sheet Set	""	5ee61d880351c97df2d387ba/thumbnail	t	t	f	Thet Lwin Oo	2020-06-14 04:49:04.297948	13702	13702	13702	13701	13701	13701	13701	1289	1402	1854	51092	1101	2597
2947	Bamboo Cotton Sheet Set Queen Bed Fresco Blue	ACESHOPI147	020900001085	ZZW6752	ABC2100933535	0.05	109.90	87.30		4			0	5.50	1	100			f	22	9	30	2.18	0	0	0	0.00	0	0	""			2020-06-14 04:48:51.311	2020-06-14 04:48:51.311	0		Canningvale Australia;Bamboo Cotton;Sheet Set	""	5ee61d990351c97df2d387c6/thumbnail	t	t	f	Thet Lwin Oo	2020-06-14 04:49:04.515943	13702	13702	13702	13701	13701	13701	13701	1292	1402	1854	51092	1101	2651
2949	Bamboo Cotton Sheet Set King Bed Rosa Gold	ACESHOPI150	020900001092	ZZW5352	ABC1967600203	0.05	119.90	95.25		4			0	5.50	1	100			f	22	10	30	2.38	0	0	0	0.00	0	0	""			2020-06-14 04:48:51.312	2020-06-14 04:48:51.312	0		Canningvale Australia;Bamboo Cotton;Sheet Set	""	5ee61da00351c97df2d387ca/thumbnail	t	t	f	Thet Lwin Oo	2020-06-14 04:49:04.726943	13702	13702	13702	13701	13701	13701	13701	1291	1402	1854	51092	1101	2656
3008	Sogno Linen Cotton King Quilt Cover Set Tempesto Grey	ACESHOPI159	020900001100	ZZW7195	ABC1567600207	0.05	129.90	103.19		3			0	5.50	1	100			f	22	11	31	2.10	0	0	0	0.00	0	0	""			2020-06-14 04:48:51.312	2020-06-14 04:48:51.312	0		Canningvale Australia;Sogno Linen;Quilt Cover Set	""	5ee61dc90351c97df2d387dc/thumbnail	t	t	f	Thet Lwin Oo	2020-06-14 04:49:04.953945	13702	13702	13702	13701	13701	13701	13701	1294	1402	1853	51092	1101	2664
3015	Sogno Linen Cotton King Sheet Set Tempesto Grey	ACESHOPI167	020900001109	ZZW131	ABC1212044655	0.05	144.90	115.11		4			0	5.50	1	100			f	23	24	31	2.76	0	0	0	0.00	0	0	""			2020-06-14 04:48:51.312	2020-06-14 04:48:51.312	0		Canningvale Australia;Sogno Linen;Sheet Set	""	5ee61de20351c97df2d387ea/thumbnail	t	t	f	Thet Lwin Oo	2020-06-14 04:49:05.161944	13702	13702	13702	13701	13701	13701	13701	1294	1402	1853	51092	1101	2668
3017	Palazzo Royale 1000TC Queen Sheet Set - Silver Silk	ACESHOPI177	21100003723	ZZW8688	ABC767600215	0.05	149.90	119.08		4			0	5.50	1	100			f	24	9	34	2.30	0	0	0	0.00	0	0	""			2020-06-14 04:48:51.312	2020-06-14 04:48:51.312	0		Canningvale Australia;Palazzo Royale 1000TC;Sheet Set	""	5ee61de70351c97df2d387ee/thumbnail	t	t	f	Thet Lwin Oo	2020-06-14 04:49:05.376945	13702	13702	13702	13701	13701	13701	13701	1300	1402	1852	51092	1101	2673
3027	Palazzo Royale 1000TC Queen Quilt Cover Set - Silver Silk	ACESHOPI189	021100003736	ZZW6988	ABC234266887	0.05	139.90	111.14		3			0	5.50	1	100			f	24	7	34	1.86	0	0	0	0.00	0	0	""			2020-06-14 04:48:51.313	2020-06-14 04:48:51.313	0		Canningvale Australia;Palazzo Royale 1000TC;Quilt Cover Set	""	5ee61e2a0351c97df2d38802/thumbnail	t	t	f	Thet Lwin Oo	2020-06-14 04:49:05.603944	13702	13702	13702	13701	13701	13701	13701	1300	1402	1852	51092	1101	2676
3033	Palazzo Royale 1000TC Single Sheet Set - Silver Silk	ACESHOPI173	021100003718	ZZW120	ABC945377991	0.05	109.90	87.30		3			0	5.50	1	100			f	24	6	34	1.60	0	0	0	0.00	0	0	""			2020-06-14 04:48:51.312	2020-06-14 04:48:51.312	0		Canningvale Australia;Palazzo Royale 1000TC;Sheet Set	""	5ee61e480351c97df2d3880e/thumbnail	t	t	f	Thet Lwin Oo	2020-06-14 04:49:05.818946	13702	13702	13702	13701	13701	13701	13701	1300	1402	1852	51092	1101	2674
3039	Cinque Terre Single Quilt Cover Set - Merena Blue	ACESHOPI193	021100003741	ZZW8368	ABC56489111	0.05	89.90	71.42		2			0	5.50	1	100			f	22	8	30	1.08	0	0	0	0.00	0	0	""			2020-06-14 04:48:51.313	2020-06-14 04:48:51.313	0		Canningvale Australia;Cinque Terre;Quilt Cover Set	""	5ee61e640351c97df2d3881d/thumbnail	t	t	f	Thet Lwin Oo	2020-06-14 04:49:06.026945	13702	13702	13702	13701	13701	13701	13701	1101	1402	1851	51092	1101	2678
3041	Cinque Terre King Quilt Cover Set - Merena Blue	ACESHOPI203	021100003750	ZZW2126	ABC387955329	0.05	119.90	95.25		1			0	5.50	1	100			f	22	8	30	1.78	0	0	0	0.00	0	0	""			2020-06-14 04:48:51.313	2020-06-14 04:48:51.313	14		Canningvale Australia;Cinque Terre;Quilt Cover Set	""	5ee61e770351c97df2d38821/thumbnail	t	t	f	Thet Lwin Oo	2020-06-14 04:49:06.229945	13702	13702	13702	13701	13701	13701	13701	1101	1402	1851	51092	1101	2681
3103	Cinque Terre Queen Quilt Cover Set - Ornella Pink	ACESHOPI201	021100003749	ZZW5871	ABC299066441	0.05	109.90	87.30		3			0	5.50	1	100			f	22	8	30	1.58	0	0	0	0.00	0	0	""			2020-06-14 04:48:51.313	2020-06-14 04:48:51.313	0		Canningvale Australia;Cinque Terre;Quilt Cover Set	""	5ee61eab0351c97df2d38839/thumbnail	t	t	f	Thet Lwin Oo	2020-06-14 04:49:06.544943	13702	13702	13702	13701	13701	13701	13701	1355	1402	1851	51092	1101	2682
2918	Aria Bath Towel - Limone Cream	ACESHOPI130	021100003765	ZZW2622	ABC1438478213	0.05	49.90	39.64		10			0	5.50	1	100			f	25	9	34	0.70	0	0	0	0.00	0	0	""			2020-06-14 04:48:51.311	2020-06-14 04:48:51.311	0		Canningvale Australia;Aria;Bath Towel	""	5ee61d1d0351c97df2d3878b/thumbnail	t	t	f	Thet Lwin Oo	2020-06-14 04:49:03.447943	13702	13702	13702	13701	13701	13701	13701	1288	1402	1851	51092	1101	2581
2921	Riveira 6 Piece Set - Carrara White	ACESHOPI106	021100003695	ZZW2666	ABC371811557	0.05	95.90	76.18		6			0	5.50	1	100			f	25	12	35	1.88	0	0	0	0.00	0	0	""			2020-06-14 04:48:51.31	2020-06-14 04:48:51.31	0		Canningvale Australia;Riveira;Towel Set	""	5ee61d2b0351c97df2d38791/thumbnail	t	t	f	Thet Lwin Oo	2020-06-14 04:49:03.643943	13702	13702	13702	13701	13701	13701	13701	1274	1402	1851	51092	1101	2583
2928	Aria 6 Piece Set - Cielo Blue	ACESHOPI127	021100003762	ZZW8061	ABC1305144881	0.05	179.90	142.91		6			0	5.50	1	100			f	25	22	34	2.18	0	0	0	0.00	0	0	""			2020-06-14 04:48:51.311	2020-06-14 04:48:51.311	0		Canningvale Australia;Aria;Towel Set	""	5ee61d430351c97df2d3879f/thumbnail	t	t	f	Thet Lwin Oo	2020-06-14 04:49:03.862945	13702	13702	13702	13701	13701	13701	13701	1276	1402	1851	51092	1101	2584
2931	Amalfitana 7 Piece Towel Set - Porcini	ACESHOPI118	021100003709	ZZW2002	ABC905144885	0.05	79.90	63.47		7			0	5.50	1	100			f	25	21	35	2.26	0	0	0	0.00	0	0	""			2020-06-14 04:48:51.311	2020-06-14 04:48:51.311	0		Canningvale Australia;Amalfitana;Towel Set	""	5ee61d550351c97df2d387a5/thumbnail	t	t	f	Thet Lwin Oo	2020-06-14 04:49:04.08798	13702	13702	13702	13701	13701	13701	13701	1271	1402	1851	51092	1101	2586
2937	Bamboo Cotton Quilt Cover Set Single Bed Fresco Blue	ACESHOPI135	020900001071	ZZW2787	ABC1660700433	0.05	79.90	63.47		2			0	5.50	1	100			f	22	4	30	1.12	0	0	0	0.00	0	0	""			2020-06-14 04:48:51.311	2020-06-14 04:48:51.311	0		Canningvale Australia;Bamboo Cotton;Quilt Cover Set	""	5ee61d6a0351c97df2d387b2/thumbnail	t	t	f	Thet Lwin Oo	2020-06-14 04:49:04.295944	13702	13702	13702	13701	13701	13701	13701	1292	1402	1854	51092	1101	2591
2945	Bamboo Cotton Sheet Set Queen Bed Rosa Gold	ACESHOPI146	020900001088	ZZW1057	ABC2145377979	0.05	109.90	87.30		4			0	5.50	1	100			f	22	9	30	2.18	0	0	0	0.00	0	0	""			2020-06-14 04:48:51.311	2020-06-14 04:48:51.311	0		Canningvale Australia;Bamboo Cotton;Sheet Set	""	5ee61d920351c97df2d387c2/thumbnail	t	t	f	Thet Lwin Oo	2020-06-14 04:49:04.513944	13702	13702	13702	13701	13701	13701	13701	1291	1402	1854	51092	1101	2599
3002	Bamboo Cotton Sheet Set King Bed Perla Grey	ACESHOPI149	020900001091	ZZW8060	ABC2012044647	0.05	119.90	95.25		4			0	5.50	1	100			f	22	10	30	2.38	0	0	0	0.00	0	0	""			2020-06-14 04:48:51.311	2020-06-14 04:48:51.311	0		Canningvale Australia;Bamboo Cotton;Sheet Set	""	5ee61dad0351c97df2d387d0/thumbnail	t	t	f	Thet Lwin Oo	2020-06-14 04:49:04.726943	13702	13702	13702	13701	13701	13701	13701	1290	1402	1854	51092	1101	2654
3007	Sogno Linen Cotton Queen Quilt Cover Set Legna Brown	ACESHOPI156	020900001098	ZZW659	ABC1700933539	0.05	119.90	95.25		3			0	5.50	1	100			f	22	9	31	1.96	0	0	0	0.00	0	0	""			2020-06-14 04:48:51.312	2020-06-14 04:48:51.312	0		Canningvale Australia;Sogno Linen;Quilt Cover Set	""	5ee61dc50351c97df2d387da/thumbnail	t	t	f	Thet Lwin Oo	2020-06-14 04:49:04.951943	13702	13702	13702	13701	13701	13701	13701	1295	1402	1853	51092	1101	2659
3013	Sogno Linen Cotton Queen Sheet Set Indigo Blue	ACESHOPI162	020900001106	ZZW7186	ABC1434266875	0.05	134.90	107.16		4			0	5.50	1	100			f	22	11	31	2.58	0	0	0	0.00	0	0	""			2020-06-14 04:48:51.312	2020-06-14 04:48:51.312	0		Canningvale Australia;Sogno Linen;Sheet Set	""	5ee61ddd0351c97df2d387e6/thumbnail	t	t	f	Thet Lwin Oo	2020-06-14 04:49:05.157943	13702	13702	13702	13701	13701	13701	13701	1293	1402	1853	51092	1101	2670
3018	Palazzo Royale 1000TC Queen Sheet Set - Royal Red	ACESHOPI175	021100003720	ZZW3226	ABC856489103	0.05	149.90	119.08		4			0	5.50	1	100			f	24	9	34	2.30	0	0	0	0.00	0	0	""			2020-06-14 04:48:51.312	2020-06-14 04:48:51.312	0		Canningvale Australia;Palazzo Royale 1000TC;Sheet Set	""	5ee61df20351c97df2d387f0/thumbnail	t	t	f	Thet Lwin Oo	2020-06-14 04:49:05.378944	13702	13702	13702	13701	13701	13701	13701	1298	1402	1852	51092	1101	2673
3026	Palazzo Royale 1000TC Queen Quilt Cover Set - Royale Purple	ACESHOPI188	021100003735	ZZW6240	ABC278711331	0.05	139.90	111.14		3			0	5.50	1	100			f	24	7	34	1.86	0	0	0	0.00	0	0	""			2020-06-14 04:48:51.313	2020-06-14 04:48:51.313	0		Canningvale Australia;Palazzo Royale 1000TC;Quilt Cover Set	""	5ee61e280351c97df2d38800/thumbnail	t	t	f	Thet Lwin Oo	2020-06-14 04:49:05.600945	13702	13702	13702	13701	13701	13701	13701	10301	1402	1852	51092	1101	2676
3034	Palazzo Royale 1000TC Single Sheet Set - Bombay Blue	ACESHOPI172	021100003717	ZZW6580	ABC989822435	0.05	109.90	87.30		3			0	5.50	1	100			f	24	6	34	1.60	0	0	0	0.00	0	0	""			2020-06-14 04:48:51.312	2020-06-14 04:48:51.312	0		Canningvale Australia;Palazzo Royale 1000TC;Sheet Set	""	5ee61e4a0351c97df2d38810/thumbnail	t	t	f	Thet Lwin Oo	2020-06-14 04:49:05.818946	13702	13702	13702	13701	13701	13701	13701	1299	1402	1852	51092	1101	2674
3035	Cinque Terre Single Quilt Cover Set - Merena Pink	ACESHOPI194	021100003742	ZZW7190	ABC12044667	0.05	89.90	71.42		2			0	5.50	1	100			f	22	6	30	1.08	0	0	0	0.00	0	0	""			2020-06-14 04:48:51.313	2020-06-14 04:48:51.313	0		Canningvale Australia;Cinque Terre;Quilt Cover Set	""	5ee61e500351c97df2d38812/thumbnail	t	t	f	Thet Lwin Oo	2020-06-14 04:49:06.024945	13702	13702	13702	13701	13701	13701	13701	1352	1402	1851	51092	1101	2678
3043	Cinque Terre King Quilt Cover Set - Merena Pink	ACESHOPI204	021100003751	ZZW7892	ABC432399773	0.05	119.90	95.25		3			0	5.50	1	100			f	22	9	30	1.78	0	0	0	0.00	0	0	""			2020-06-14 04:48:51.313	2020-06-14 04:48:51.313	0		Canningvale Australia;Cinque Terre;Quilt Cover Set	""	5ee61e820351c97df2d38825/thumbnail	t	t	f	Thet Lwin Oo	2020-06-14 04:49:06.232945	13702	13702	13702	13701	13701	13701	13701	1352	1402	1851	51092	1101	2681
3049	Cinque Terre Queen Quilt Cover Set - Merena Pink	ACESHOPI198	021100003746	ZZW1600	ABC165733109	0.05	109.90	87.30		3			0	5.50	1	100			f	22	8	30	1.58	0	0	0	0.00	0	0	""			2020-06-14 04:48:51.313	2020-06-14 04:48:51.313	0		Canningvale Australia;Cinque Terre;Quilt Cover Set	""	5ee61e980351c97df2d38831/thumbnail	t	t	f	Thet Lwin Oo	2020-06-14 04:49:06.449945	13702	13702	13702	13701	13701	13701	13701	1352	1402	1851	51092	1101	2682
3104	Cinque Terre Queen Quilt Cover Set - Aida	ACESHOPI202	021100003753	ZZW7772	ABC343510885	0.05	109.90	87.30		3			0	5.50	1	100			f	22	8	30	1.58	0	0	0	0.00	0	0	""			2020-06-14 04:48:51.313	2020-06-14 04:48:51.313	0		Canningvale Australia;Cinque Terre;Quilt Cover Set	""	5ee61ec20351c97df2d3883b/thumbnail	t	t	f	Thet Lwin Oo	2020-06-14 04:49:06.549944	13702	13702	13702	13701	13701	13701	13701	1356	1402	1851	51092	1101	2682
2924	Riveira 6 Piece Set - Rosa Pink	ACESHOPI107	021100003696	ZZW1330	ABC416256001	0.05	95.90	76.18		6			0	5.50	1	100			f	25	15	35	1.88	0	0	0	0.00	0	0	""			2020-06-14 04:48:51.31	2020-06-14 04:48:51.31	0		Canningvale Australia;Riveira;Towel Set	""	5ee61d380351c97df2d38797/thumbnail	t	t	f	Thet Lwin Oo	2020-06-14 04:49:03.662946	13702	13702	13702	13701	13701	13701	13701	1283	1402	1851	51092	1101	2583
2930	Amalfitana 7 Piece Towel Set - Inverna Sage	ACESHOPI116	021100003707	ZZW7129	ABC816255997	0.05	79.90	63.47		7			0	5.50	1	100			f	25	21	35	2.26	0	0	0	0.00	0	0	""			2020-06-14 04:48:51.31	2020-06-14 04:48:51.31	0		Canningvale Australia;Amalfitana;Towel Set	""	5ee61d4e0351c97df2d387a3/thumbnail	t	t	f	Thet Lwin Oo	2020-06-14 04:49:03.879943	13702	13702	13702	13701	13701	13701	13701	1286	1402	1851	51092	1101	2586
2933	Bamboo Cotton Quilt Cover Set Single Bed Rosa Gold	ACESHOPI134	020900001074	ZZW565	ABC1616255989	0.05	79.90	63.47		2			0	5.50	1	100			f	22	4	30	1.12	0	0	0	0.00	0	0	""			2020-06-14 04:48:51.311	2020-06-14 04:48:51.311	0		Canningvale Australia;Bamboo Cotton;Quilt Cover Set	""	5ee61d5a0351c97df2d387a9/thumbnail	t	t	f	Thet Lwin Oo	2020-06-14 04:49:04.089944	13702	13702	13702	13701	13701	13701	13701	1291	1402	1854	51092	1101	2585
2940	Bamboo Cotton Quilt Cover Set King Bed Gelato Mint	ACESHOPI138	020900001078	ZZW1584	ABC1794033765	0.05	109.90	87.30		3			0	5.50	1	100			f	22	5	30	1.90	0	0	0	0.00	0	0	""			2020-06-14 04:48:51.311	2020-06-14 04:48:51.311	0		Canningvale Australia;Bamboo Cotton;Quilt Cover Set	""	5ee61d810351c97df2d387b8/thumbnail	t	t	f	Thet Lwin Oo	2020-06-14 04:49:04.296944	13702	13702	13702	13701	13701	13701	13701	1289	1402	1854	51092	1101	2592
2946	Bamboo Cotton Sheet Set King Bed Fresco Blue	ACESHOPI151	020900001089	ZZW1963	ABC1923155759	0.05	119.90	95.25		4			0	5.50	1	100			f	22	10	30	2.38	0	0	0	0.00	0	0	""			2020-06-14 04:48:51.312	2020-06-14 04:48:51.312	0		Canningvale Australia;Bamboo Cotton;Sheet Set	""	5ee61d950351c97df2d387c4/thumbnail	t	t	f	Thet Lwin Oo	2020-06-14 04:49:04.514944	13702	13702	13702	13701	13701	13701	13701	1292	1402	1854	51092	1101	2600
2950	Sogno Linen Cotton Queen Quilt Cover Set Indigo Blue	ACESHOPI154	020900001097	ZZW9706	ABC1789822427	0.05	119.90	95.25		3			0	5.50	1	100			f	22	3	31	1.96	0	0	0	0.00	0	0	""			2020-06-14 04:48:51.312	2020-06-14 04:48:51.312	0		Canningvale Australia;Sogno Linen;Quilt Cover Set	""	5ee61da30351c97df2d387cc/thumbnail	t	t	f	Thet Lwin Oo	2020-06-14 04:49:04.726943	13702	13702	13702	13701	13701	13701	13701	1293	1402	1853	51092	1101	2657
3010	Sogno Linen Cotton Queen Sheet Set Tempesto Grey	ACESHOPI163	020900001105	ZZW1062	ABC1389822431	0.05	134.90	107.16		4			0	5.50	1	100			f	22	12	31	2.58	0	0	0	0.00	0	0	""			2020-06-14 04:48:51.312	2020-06-14 04:48:51.312	0		Canningvale Australia;Sogno Linen;Sheet Set	""	5ee61dd00351c97df2d387e0/thumbnail	t	t	f	Thet Lwin Oo	2020-06-14 04:49:04.960944	13702	13702	13702	13701	13701	13701	13701	1294	1402	1853	51092	1101	2665
3016	Sogno Linen Cotton Queen Sheet Set Amore Blush	ACESHOPI165	020900001104	ZZW1031	ABC1300933543	0.05	134.90	107.16		4			0	5.50	1	100			f	22	12	31	2.58	0	0	0	0.00	0	0	""			2020-06-14 04:48:51.312	2020-06-14 04:48:51.312	0		Canningvale Australia;Sogno Linen;Sheet Set	""	5ee61de50351c97df2d387ec/thumbnail	t	t	f	Thet Lwin Oo	2020-06-14 04:49:05.17014	13702	13702	13702	13701	13701	13701	13701	1296	1402	1853	51092	1101	2671
3022	Palazzo Royale 1000TC Queen Sheet Set - Royale Purple	ACESHOPI176	021100003722	ZZW5490	ABC812044659	0.05	149.90	119.08		4			0	5.50	1	100			f	24	9	34	2.30	0	0	0	0.00	0	0	""			2020-06-14 04:48:51.312	2020-06-14 04:48:51.312	0		Canningvale Australia;Palazzo Royale 1000TC;Sheet Set	""	5ee61e140351c97df2d387f8/thumbnail	t	t	f	Thet Lwin Oo	2020-06-14 04:49:05.389946	13702	13702	13702	13701	13701	13701	13701	10301	1402	1852	51092	1101	2673
3028	Palazzo Royale 1000TC Single Sheet Set - Crisp White	ACESHOPI170	021100003715	ZZW7328	ABC1078711323	0.05	109.90	87.30		3			0	5.50	1	100			f	24	24	34	1.60	0	0	0	0.00	0	0	""			2020-06-14 04:48:51.312	2020-06-14 04:48:51.312	0		Canningvale Australia;Palazzo Royale 1000TC;Sheet Set	""	5ee61e2b0351c97df2d38804/thumbnail	t	t	f	Thet Lwin Oo	2020-06-14 04:49:05.606944	13702	13702	13702	13701	13701	13701	13701	1297	1402	1852	51092	1101	2674
3031	Palazzo Royale 1000TC King Sheet Set - Crisp White	ACESHOPI178	21100003724	ZZW942	ABC723155771	0.05	169.90	134.97		4			0	5.50	1	100			f	24	9	34	2.58	0	0	0	0.00	0	0	""			2020-06-14 04:48:51.313	2020-06-14 04:48:51.313	0		Canningvale Australia;Palazzo Royale 1000TC;Sheet Set	""	5ee61e400351c97df2d3880a/thumbnail	t	t	f	Thet Lwin Oo	2020-06-14 04:49:05.814969	13702	13702	13702	13701	13701	13701	13701	1297	1402	1852	51092	1101	2677
3040	Palazzo Royale 1000TC King Sheet Set - Silver Silk	ACESHOPI182	021100003728	ZZW3657	ABC545377995	0.05	169.90	134.97		4			0	5.50	1	100			f	24	10	34	2.58	0	0	0	0.00	0	0	""			2020-06-14 04:48:51.313	2020-06-14 04:48:51.313	0		Canningvale Australia;Palazzo Royale 1000TC;Sheet Set	""	5ee61e670351c97df2d3881f/thumbnail	t	t	f	Thet Lwin Oo	2020-06-14 04:49:06.029946	13702	13702	13702	13701	13701	13701	13701	1300	1402	1852	51092	1101	2677
3042	Palazzo Royale 1000TC Single Quilt Cover Set - Royal Red	ACESHOPI183	021100003729	ZZW795	ABC500933551	0.05	99.90	79.36		2			0	5.50	1	100			f	24	10	34	1.29	0	0	0	0.00	0	0	""			2020-06-14 04:48:51.313	2020-06-14 04:48:51.313	0		Canningvale Australia;Palazzo Royale 1000TC;Quilt Cover Set	""	5ee61e7d0351c97df2d38823/thumbnail	t	t	f	Thet Lwin Oo	2020-06-14 04:49:06.231945	13702	13702	13702	13701	13701	13701	13701	1298	1402	1852	51092	1101	2680
3047	Cinque Terre Queen Quilt Cover Set - Ornella Blue	ACESHOPI200	021100003748	ZZW1094	ABC254621997	0.05	109.90	87.30		3			0	5.50	1	100			f	22	8	30	1.58	0	0	0	0.00	0	0	""			2020-06-14 04:48:51.313	2020-06-14 04:48:51.313	0		Canningvale Australia;Cinque Terre;Quilt Cover Set	""	5ee61e900351c97df2d3882d/thumbnail	t	t	f	Thet Lwin Oo	2020-06-14 04:49:06.448944	13702	13702	13702	13701	13701	13701	13701	1354	1402	1851	51092	1101	2682
2936	Bamboo Cotton Quilt Cover Set Queen Bed Rosa Gold	ACESHOPI136	020900001076	ZZW6272	ABC1705144877	0.05	99.90	79.36		3			0	5.50	1	100			f	22	4	30	1.70	0	0	0	0.00	0	0	""			2020-06-14 04:48:51.311	2020-06-14 04:48:51.311	0		Canningvale Australia;Bamboo Cotton;Quilt Cover Set	""	5ee61d670351c97df2d387b0/thumbnail	t	t	f	Thet Lwin Oo	2020-06-14 04:49:04.096945	13702	13702	13702	13701	13701	13701	13701	1291	1402	1854	51092	1101	2590
2939	Bamboo Cotton Sheet Set Single Bed Rosa Gold	ACESHOPI143	020900001084	ZZW7238	ABC2016255985	0.05	89.90	71.42		3			0	5.50	1	100			f	21	4	30	1.12	0	0	0	0.00	0	0	""			2020-06-14 04:48:51.311	2020-06-14 04:48:51.311	0		Canningvale Australia;Bamboo Cotton;Sheet Set	""	5ee61d6f0351c97df2d387b6/thumbnail	t	t	f	Thet Lwin Oo	2020-06-14 04:49:04.295944	13702	13702	13702	13701	13701	13701	13701	1291	1402	1854	51092	1101	2594
2944	Bamboo Cotton Quilt Cover Set King Bed Fresco Blue	ACESHOPI140	020900001077	ZZW3414	ABC1882922653	0.05	109.90	87.30		3			0	5.50	1	100			f	22	7	30	1.90	0	0	0	0.00	0	0	""			2020-06-14 04:48:51.311	2020-06-14 04:48:51.311	0		Canningvale Australia;Bamboo Cotton;Quilt Cover Set	""	5ee61d8f0351c97df2d387c0/thumbnail	t	t	f	Thet Lwin Oo	2020-06-14 04:49:04.513944	13702	13702	13702	13701	13701	13701	13701	1292	1402	1854	51092	1101	2595
3001	Bamboo Cotton Pillowcase FSS Twin Pack Bed Carrara White	ACESHOPI152	020900001093	ZZW6736	ABC1878711315	0.05	39.90	31.70		2			0	5.50	1	100			f	18	10	27	0.24	0	0	0	0.00	0	0	""			2020-06-14 04:48:51.312	2020-06-14 04:48:51.312	0		Canningvale Australia;Bamboo Cotton;Pillowcase	""	5ee61dab0351c97df2d387ce/thumbnail	t	t	f	Thet Lwin Oo	2020-06-14 04:49:04.728944	13702	13702	13702	13701	13701	13701	13701	1274	1402	1854	51092	1101	2655
3006	Sogno Linen Cotton King Quilt Cover Set Amore Blush	ACESHOPI161	020900001099	ZZW2451	ABC1478711319	0.05	129.90	103.19		3			0	5.50	1	100			f	22	11	31	2.10	0	0	0	0.00	0	0	""			2020-06-14 04:48:51.312	2020-06-14 04:48:51.312	0		Canningvale Australia;Sogno Linen;Quilt Cover Set	""	5ee61db80351c97df2d387d8/thumbnail	t	t	f	Thet Lwin Oo	2020-06-14 04:49:04.951943	13702	13702	13702	13701	13701	13701	13701	1296	1402	1853	51092	1101	2661
3011	Sogno Linen Cotton King Quilt Cover Set Legna Brown	ACESHOPI160	020900001102	ZZW9329	ABC1523155763	0.05	129.90	103.19		3			0	5.50	1	100			f	22	11	31	2.10	0	0	0	0.00	0	0	""			2020-06-14 04:48:51.312	2020-06-14 04:48:51.312	0		Canningvale Australia;Sogno Linen;Quilt Cover Set	""	5ee61dd80351c97df2d387e2/thumbnail	t	t	f	Thet Lwin Oo	2020-06-14 04:49:05.157943	13702	13702	13702	13701	13701	13701	13701	1295	1402	1853	51092	1101	2666
3019	Sogno Linen Cotton Queen Sheet Set Legna Brown	ACESHOPI164	020900001107	ZZW3978	ABC1345377987	0.05	134.90	107.16		4			0	5.50	1	100			f	22	12	31	2.58	0	0	0	0.00	0	0	""			2020-06-14 04:48:51.312	2020-06-14 04:48:51.312	0		Canningvale Australia;Sogno Linen;Sheet Set	""	5ee61df60351c97df2d387f2/thumbnail	t	t	f	Thet Lwin Oo	2020-06-14 04:49:05.378944	13702	13702	13702	13701	13701	13701	13701	1295	1402	1853	51092	1101	2669
3024	Sogno Linen Cotton King Sheet Set Amore Blush	ACESHOPI169	020900001108	ZZW429	ABC1123155767	0.05	144.90	115.11		4			0	5.50	1	100			f	23	24	31	2.76	0	0	0	0.00	0	0	""			2020-06-14 04:48:51.312	2020-06-14 04:48:51.312	0		Canningvale Australia;Sogno Linen;Sheet Set	""	5ee61e170351c97df2d387fc/thumbnail	t	t	f	Thet Lwin Oo	2020-06-14 04:49:05.597944	13702	13702	13702	13701	13701	13701	13701	1296	1402	1853	51092	1101	2675
3032	Palazzo Royale 1000TC King Sheet Set - Bombay Blue	ACESHOPI180	021100003726	ZZW5677	ABC634266883	0.05	169.90	134.97		4			0	5.50	1	100			f	24	10	34	2.58	0	0	0	0.00	0	0	""			2020-06-14 04:48:51.313	2020-06-14 04:48:51.313	0		Canningvale Australia;Palazzo Royale 1000TC;Sheet Set	""	5ee61e450351c97df2d3880c/thumbnail	t	t	f	Thet Lwin Oo	2020-06-14 04:49:05.818946	13702	13702	13702	13701	13701	13701	13701	1299	1402	1852	51092	1101	2677
3038	Palazzo Royale 1000TC King Sheet Set - Royale Purple	ACESHOPI181	021100003727	ZZW5931	ABC589822439	0.05	169.90	134.97		4			0	5.50	1	100			f	24	10	34	2.58	0	0	0	0.00	0	0	""			2020-06-14 04:48:51.313	2020-06-14 04:48:51.313	0		Canningvale Australia;Palazzo Royale 1000TC;Sheet Set	""	5ee61e5b0351c97df2d3881b/thumbnail	t	t	f	Thet Lwin Oo	2020-06-14 04:49:06.026945	13702	13702	13702	13701	13701	13701	13701	10301	1402	1852	51092	1101	2677
3045	Palazzo Royale 1000TC Single Quilt Cover Set - Silver Silk	ACESHOPI185	021100003731	ZZW7772	ABC412044663	0.05	99.90	79.36		2			0	5.50	1	100			f	24	5	34	1.29	0	0	0	0.00	0	0	""			2020-06-14 04:48:51.313	2020-06-14 04:48:51.313	0		Canningvale Australia;Palazzo Royale 1000TC;Quilt Cover Set	""	5ee61e870351c97df2d38829/thumbnail	t	t	f	Thet Lwin Oo	2020-06-14 04:49:06.233944	13702	13702	13702	13701	13701	13701	13701	1300	1402	1852	51092	1101	2680
3102	Cinque Terre Queen Quilt Cover Set - Merena Blue	ACESHOPI197	021100003745	ZZW2146	ABC121288665	0.05	109.90	87.30		3			0	5.50	1	100			f	22	6	30	1.58	0	0	0	0.00	0	0	""			2020-06-14 04:48:51.313	2020-06-14 04:48:51.313	0		Canningvale Australia;Cinque Terre;Quilt Cover Set	""	5ee61ea90351c97df2d38837/thumbnail	t	t	f	Thet Lwin Oo	2020-06-14 04:49:06.452945	13702	13702	13702	13701	13701	13701	13701	1101	1402	1851	51092	1101	2682
3014	Sogno Linen Cotton King Sheet Set Indigo Blue	ACESHOPI166	020900001110	ZZW6288	ABC1256489099	0.05	144.90	115.11		4			0	5.50	1	100			f	23	12	31	2.76	0	0	0	0.00	0	0	""			2020-06-14 04:48:51.312	2020-06-14 04:48:51.312	0		Canningvale Australia;Sogno Linen;Sheet Set	""	5ee61ddf0351c97df2d387e8/thumbnail	t	t	f	Thet Lwin Oo	2020-06-14 04:49:05.157943	13702	13702	13702	13701	13701	13701	13701	1293	1402	1853	51092	1101	2667
3020	Palazzo Royale 1000TC Queen Sheet Set - Crisp White	ACESHOPI174	021100003719	ZZW9401	ABC900933547	0.05	149.90	119.08		4			0	5.50	1	100			f	24	6	34	2.30	0	0	0	0.00	0	0	""			2020-06-14 04:48:51.312	2020-06-14 04:48:51.312	0		Canningvale Australia;Palazzo Royale 1000TC;Sheet Set	""	5ee61df90351c97df2d387f4/thumbnail	t	t	f	Thet Lwin Oo	2020-06-14 04:49:05.379955	13702	13702	13702	13701	13701	13701	13701	1297	1402	1852	51092	1101	2673
3023	Palazzo Royale 1000TC Queen Quilt Cover Set - Bombay Blue	ACESHOPI187	021100003734	ZZW9325	ABC323155775	0.05	139.90	111.14		3			0	5.50	1	100			f	24	7	34	1.86	0	0	0	0.00	0	0	""			2020-06-14 04:48:51.313	2020-06-14 04:48:51.313	0		Canningvale Australia;Palazzo Royale 1000TC;Quilt Cover Set	""	5ee61e160351c97df2d387fa/thumbnail	t	t	f	Thet Lwin Oo	2020-06-14 04:49:05.596944	13702	13702	13702	13701	13701	13701	13701	1299	1402	1852	51092	1101	2676
3029	Palazzo Royale 1000TC Single Sheet Set - Royal Red	ACESHOPI171	021100003716	ZZW4657	ABC1034266879	0.05	109.90	87.30		3			0	5.50	1	100			f	24	6	34	1.60	0	0	0	0.00	0	0	""			2020-06-14 04:48:51.312	2020-06-14 04:48:51.312	0		Canningvale Australia;Palazzo Royale 1000TC;Sheet Set	""	5ee61e350351c97df2d38806/thumbnail	t	t	f	Thet Lwin Oo	2020-06-14 04:49:05.814969	13702	13702	13702	13701	13701	13701	13701	1298	1402	1852	51092	1101	2674
3036	Cinque Terre Single Quilt Cover Set - Ornella Blue	ACESHOPI196	021100003744	ZZW6410	ABC76844221	0.05	89.90	71.42		2			0	5.50	1	100			f	22	6	30	1.08	0	0	0	0.00	0	0	""			2020-06-14 04:48:51.313	2020-06-14 04:48:51.313	0		Canningvale Australia;Cinque Terre;Quilt Cover Set	""	5ee61e530351c97df2d38814/thumbnail	t	t	f	Thet Lwin Oo	2020-06-14 04:49:06.024945	13702	13702	13702	13701	13701	13701	13701	1354	1402	1851	51092	1101	2678
3044	Palazzo Royale 1000TC Single Quilt Cover Set - Bombay Blue	ACESHOPI184	021100003730	ZZW2178	ABC456489107	0.05	99.90	79.36		2			0	5.50	1	100			f	24	5	34	1.29	0	0	0	0.00	0	0	""			2020-06-14 04:48:51.313	2020-06-14 04:48:51.313	0		Canningvale Australia;Palazzo Royale 1000TC;Quilt Cover Set	""	5ee61e840351c97df2d38827/thumbnail	t	t	f	Thet Lwin Oo	2020-06-14 04:49:06.232945	13702	13702	13702	13701	13701	13701	13701	1299	1402	1852	51092	1101	2680
3050	Palazzo Royale 1000TC King Quilt Cover Set - Royale Purple	ACESHOPI192	021100003739	ZZW4453	ABC100933555	0.05	159.90	127.02		3			0	5.50	1	100			f	24	8	34	2.10	0	0	0	0.00	0	0	""			2020-06-14 04:48:51.313	2020-06-14 04:48:51.313	0		Canningvale Australia;Palazzo Royale 1000TC;Quilt Cover Set	""	5ee61e9e0351c97df2d38833/thumbnail	t	t	f	Thet Lwin Oo	2020-06-14 04:49:06.450944	13702	13702	13702	13701	13701	13701	13701	10301	1402	1852	51092	1101	2679
3021	Sogno Linen Cotton King Sheet Set Legna Brown	ACESHOPI168	020900001111	ZZW271	ABC1167600211	0.05	144.90	115.11		4			0	5.50	1	100			f	23	24	31	2.76	0	0	0	0.00	0	0	""			2020-06-14 04:48:51.312	2020-06-14 04:48:51.312	0		Canningvale Australia;Sogno Linen;Sheet Set	""	5ee61e120351c97df2d387f6/thumbnail	t	t	f	Thet Lwin Oo	2020-06-14 04:49:05.383945	13702	13702	13702	13701	13701	13701	13701	1295	1402	1853	51092	1101	2672
3025	Palazzo Royale 1000TC Queen Quilt Cover Set - Crisp White	ACESHOPI186	021100003732	ZZW6344	ABC367600219	0.05	139.90	111.14		3			0	5.50	1	100			f	24	5	34	1.86	0	0	0	0.00	0	0	""			2020-06-14 04:48:51.313	2020-06-14 04:48:51.313	0		Canningvale Australia;Palazzo Royale 1000TC;Quilt Cover Set	""	5ee61e240351c97df2d387fe/thumbnail	t	t	f	Thet Lwin Oo	2020-06-14 04:49:05.597944	13702	13702	13702	13701	13701	13701	13701	1297	1402	1852	51092	1101	2676
3030	Palazzo Royale 1000TC King Sheet Set - Royal Red	ACESHOPI179	021100003725	ZZW7313	ABC678711327	0.05	169.90	134.97		4			0	5.50	1	100			f	24	10	34	2.58	0	0	0	0.00	0	0	""			2020-06-14 04:48:51.313	2020-06-14 04:48:51.313	0		Canningvale Australia;Palazzo Royale 1000TC;Sheet Set	""	5ee61e390351c97df2d38808/thumbnail	t	t	f	Thet Lwin Oo	2020-06-14 04:49:05.813945	13702	13702	13702	13701	13701	13701	13701	1298	1402	1852	51092	1101	2677
3037	Cinque Terre Single Quilt Cover Set - Modello	ACESHOPI195	021100003743	ZZW9670	ABC32399777	0.05	89.90	71.42		2			0	5.50	1	100			f	22	6	30	1.08	0	0	0	0.00	0	0	""			2020-06-14 04:48:51.313	2020-06-14 04:48:51.313	0		Canningvale Australia;Cinque Terre;Quilt Cover Set	""	5ee61e590351c97df2d38819/thumbnail	t	t	f	Thet Lwin Oo	2020-06-14 04:49:06.026945	13702	13702	13702	13701	13701	13701	13701	1353	1402	1851	51092	1101	2678
3046	Palazzo Royale 1000TC King Quilt Cover Set - Crisp White	ACESHOPI190	021100003737	ZZW6771	ABC189822443	0.05	159.90	127.02		3			0	5.50	1	100			f	24	7	34	2.10	0	0	0	0.00	0	0	""			2020-06-14 04:48:51.313	2020-06-14 04:48:51.313	0		Canningvale Australia;Palazzo Royale 1000TC;Quilt Cover Set	""	5ee61e890351c97df2d3882b/thumbnail	t	t	f	Thet Lwin Oo	2020-06-14 04:49:06.248948	13702	13702	13702	13701	13701	13701	13701	1297	1402	1852	51092	1101	2679
3101	Cinque Terre Queen Quilt Cover Set - Modello	ACESHOPI199	021100003747	ZZW7546	ABC210177553	0.05	109.90	87.30		3			0	5.50	1	100			f	22	8	30	1.58	0	0	0	0.00	0	0	""			2020-06-14 04:48:51.313	2020-06-14 04:48:51.313	0		Canningvale Australia;Cinque Terre;Quilt Cover Set	""	5ee61ea30351c97df2d38835/thumbnail	t	t	f	Thet Lwin Oo	2020-06-14 04:49:06.451945	13702	13702	13702	13701	13701	13701	13701	1353	1402	1851	51092	1101	2682
2701	Monaco 6 Piece Towel Set - Black Stitch	ACESHOPI10	021100001042	ZZW38	ABC400112229	0.05	79.90	63.47		6			0	5.50	1	100			f	24	14	34	1.46	0	0	0	0.00	0	0	""			2020-06-14 04:48:51.308	2020-06-14 04:48:51.308	0		Canningvale Australia;Monaco;Towel Set	""	5ee61b070351c97df2d3869b/thumbnail	t	t	f	Thet Lwin Oo	2020-06-14 04:48:59.359518	13702	13702	13702	13701	13701	13701	13701	1260	1402	1857	51092	1101	2555
2703	Monaco 6 Piece Towel Set - Grey Stitch	ACESHOPI12	021100001043	ZZW2220	ABC489001117	0.05	79.90	63.47		6			0	5.50	1	100			f	24	17	34	1.46	0	0	0	0.00	0	0	""			2020-06-14 04:48:51.308	2020-06-14 04:48:51.308	0		Canningvale Australia;Monaco;Towel Set	""	5ee61b0d0351c97df2d3869f/thumbnail	t	t	f	Thet Lwin Oo	2020-06-14 04:48:59.359518	13702	13702	13702	13701	13701	13701	13701	1262	1402	1851	51092	1101	2555
2704	White Tea & Lychee Scented Soy Wax Candle	ACESHOPI09	020500003689	ZZW2095	ABC355667785	0.05	39.90	31.70		10			0	5.50	1	100			f	15	14	13	1.62	0	0	0	0.00	0	0	""			2020-06-14 04:48:51.308	2020-06-14 04:48:51.308	0		Canningvale Australia;Soy Wax Candle;	""	5ee61b100351c97df2d386a1/thumbnail	t	t	f	Thet Lwin Oo	2020-06-14 04:48:59.346522	13702	13702	13702	13701	13701	13701	13701	1259	1402	1856	51092	1101	2554
2705	 Blood Orange & Grapefruit Scented Soy Wax Candle	ACESHOPI07	020500003687	ZZW3078	ABC266778897	0.05	39.90	31.70		10			0	5.50	1	100			f	15	5	13	1.62	0	0	0	0.00	0	0	""			2020-06-14 04:48:51.308	2020-06-14 04:48:51.308	0		Canningvale Australia;Soy Wax Candle;	""	5ee61b130351c97df2d386a3/thumbnail	t	t	f	Thet Lwin Oo	2020-06-14 04:48:59.345519	13702	13702	13702	13701	13701	13701	13701	1257	1402	1856	51092	1101	2553
2706	Monaco 6 Piece Towel Set - Navy Stitch	ACESHOPI11	021100001044	ZZW3972	ABC444556673	0.05	79.90	63.47		6			0	5.50	1	100			f	24	17	34	1.46	0	0	0	0.00	0	0	""			2020-06-14 04:48:51.308	2020-06-14 04:48:51.308	0		Canningvale Australia;Monaco;Towel Set	""	5ee61b1a0351c97df2d386a5/thumbnail	t	t	f	Thet Lwin Oo	2020-06-14 04:48:59.359518	13702	13702	13702	13701	13701	13701	13701	1261	1402	1851	51092	1101	2555
2707	Toscana Waffle Blanket - Giallo Mustard	ACESHOPI02	020900001068	ZZW5593	ABC44556677	0.05	74.90	59.50		10			0	5.50	1	100			f	37	14	37	2.70	0	0	0	0.00	0	0	""			2020-06-14 04:48:51.308	2020-06-14 04:48:51.308	0		Canningvale Australia;Toscana;Waffle Blanket	""	5ee61b1c0351c97df2d386a7/thumbnail	t	t	f	Thet Lwin Oo	2020-06-14 04:48:59.58352	13702	13702	13702	13701	13701	13701	13701	1252	1402	1852	51092	1101	2556
2708	Luxury Cotton Velour Beach Towel - Elizabeth	ACESHOPI06	021100003756	ZZW9957	ABC222334453	0.05	29.90	23.75		10			0	5.50	1	100			f	29	5	45	0.76	0	0	0	0.00	0	0	""			2020-06-14 04:48:51.308	2020-06-14 04:48:51.308	0		Canningvale Australia;Luxury Cotton Velour;Beach Towel	""	5ee61b1f0351c97df2d386a9/thumbnail	t	t	f	Thet Lwin Oo	2020-06-14 04:48:59.58452	13702	13702	13702	13701	13701	13701	13701	1256	1402	1852	51092	1101	2551
2709	Luxury Cotton Velour Beach Towel - Butterflies	ACESHOPI04	021000001033	ZZW7431	ABC133445565	0.05	29.90	23.75		10			0	5.50	1	100			f	29	14	45	0.76	0	0	0	0.00	0	0	""			2020-06-14 04:48:51.308	2020-06-14 04:48:51.308	0		Canningvale Australia;Luxury Cotton Velour;Beach Towel	""	5ee61b220351c97df2d386ab/thumbnail	t	t	f	Thet Lwin Oo	2020-06-14 04:48:59.599518	13702	13702	13702	13701	13701	13701	13701	1254	1402	1852	51092	1101	2551
2711	Toscana Waffle Blanket - Carrara White	ACESHOPI01	020900001067	ZZW9121	ABC00112233	0.05	74.90	59.50		10			0	5.50	1	100			f	37	20	37	2.70	0	0	0	0.00	0	0	""			2020-06-14 04:48:51.308	2020-06-14 04:48:51.308	0		Canningvale Australia;Toscana;Waffle Blanket	""	5ee61b300351c97df2d386af/thumbnail	t	t	f	Thet Lwin Oo	2020-06-14 04:48:59.606519	13702	13702	13702	13701	13701	13701	13701	1251	1402	1852	51092	1101	2556
2809	Royal Splendour Face Washer - Royale Purple	ACESHOPI51	021100001155	ZZW6442	ABC2072632863	0.05	12.90	10.25		10			0	5.50	1	100			f	17	1	17	0.08	0	0	0	0.00	0	0	""			2020-06-14 04:48:51.309	2020-06-14 04:48:51.309	0		Canningvale Australia;Royal Splendour;Face Washer	""	5ee61c2a0351c97df2d38716/thumbnail	t	t	f	Thet Lwin Oo	2020-06-14 04:49:01.326943	13702	13702	13702	13701	13701	13701	13701	10301	1402	1851	51092	1101	2565
2812	Egyptian Royale 4 Piece pack - Caramello Gold	ACESHOPI65	021100001387	ZZW918	ABC1450410647	0.05	79.90	63.47		4			0	5.50	1	100			f	25	14	34	1.58	0	0	0	0.00	0	0	""			2020-06-14 04:48:51.31	2020-06-14 04:48:51.31	0		Canningvale Australia;Royal Splendour;Towel Set	""	5ee61c360351c97df2d3871c/thumbnail	t	t	f	Thet Lwin Oo	2020-06-14 04:49:01.535947	13702	13702	13702	13701	13701	13701	13701	1275	1402	1855	51092	1101	2568
2833	Egyptian Royale Hand towel - Carbone Grey	ACESHOPI87	021100001425	ZZW1064	ABC472632879	0.05	19.90	15.81		10			0	5.50	1	100			f	22	1	34	0.22	0	0	0	0.00	0	0	""			2020-06-14 04:48:51.31	2020-06-14 04:48:51.31	0		Canningvale Australia;Royal Splendour;Hand Towel	""	5ee61c8c0351c97df2d38746/thumbnail	t	t	f	Thet Lwin Oo	2020-06-14 04:49:02.196946	13702	13702	13702	13701	13701	13701	13701	1277	1402	1855	51092	1101	2572
2835	Egyptian Royale 7 Piece Pack - Cielo Blue	ACESHOPI72	021100001391	ZZW8809	ABC1139299539	0.05	99.90	79.36		7			0	5.50	1	100			f	25	17	34	2.34	0	0	0	0.00	0	0	""			2020-06-14 04:48:51.31	2020-06-14 04:48:51.31	0		Canningvale Australia;Royal Splendour;Towel Set	""	5ee61c910351c97df2d3874a/thumbnail	t	t	f	Thet Lwin Oo	2020-06-14 04:49:02.390944	13702	13702	13702	13701	13701	13701	13701	1276	1402	1855	51092	1101	2574
2925	Aria 6 Piece Set - Limone Cream	ACESHOPI126	021100003761	ZZW847	ABC1260700437	0.05	179.90	142.91		6			0	5.50	1	100			f	25	22	34	2.18	0	0	0	0.00	0	0	""			2020-06-14 04:48:51.311	2020-06-14 04:48:51.311	0		Canningvale Australia;Aria;Towel Set	""	5ee61d3b0351c97df2d38799/thumbnail	t	t	f	Thet Lwin Oo	2020-06-14 04:49:03.858943	13702	13702	13702	13701	13701	13701	13701	1288	1402	1851	51092	1101	2584
2721	Royal Splendour Hand Towel - Oceano Teal	ACESHOPI42	021100001144	ZZW5371	ABC1822334437	0.05	16.90	13.43		10			0	5.50	1	100			f	22	1	34	0.20	0	0	0	0.00	0	0	""			2020-06-14 04:48:51.309	2020-06-14 04:48:51.309	0		Canningvale Australia;Royal Splendour;Hand Towel	""	5ee61b6d0351c97df2d386c6/thumbnail	t	t	f	Thet Lwin Oo	2020-06-14 04:49:00.016534	13702	13702	13702	13701	13701	13701	13701	1268	1402	1851	51092	1101	2563
2742	Royal Splendour Bath Mat - Angora Wheat	ACESHOPI63	021100001160	ZZW8228	ABC1539299535	0.05	19.90	15.81		10			0	5.50	1	100			f	22	4	31	0.46	0	0	0	0.00	0	0	""			2020-06-14 04:48:51.309	2020-06-14 04:48:51.309	0		Canningvale Australia;Royal Splendour;Bath Mat	""	5ee61bd70351c97df2d386f4/thumbnail	t	t	f	Thet Lwin Oo	2020-06-14 04:49:00.861526	13702	13702	13702	13701	13701	13701	13701	1267	1402	1851	51092	1101	2567
2829	Egyptian Royale 4 Piece Pack - Verdura Green	ACESHOPI68	021100001386	ZZW4640	ABC1317077315	0.05	79.90	63.47		4			0	5.50	1	100			f	25	14	34	1.58	0	0	0	0.00	0	0	""			2020-06-14 04:48:51.31	2020-06-14 04:48:51.31	0		Canningvale Australia;Royal Splendour;Towel Set	""	5ee61c7c0351c97df2d3873e/thumbnail	t	t	f	Thet Lwin Oo	2020-06-14 04:49:02.172944	13702	13702	13702	13701	13701	13701	13701	1278	1402	1855	51092	1101	2570
2832	Egyptian Royale Hand towel - Carrara White	ACESHOPI84	021100001422	ZZW5361	ABC605966211	0.05	19.90	15.81		10			0	5.50	1	100			f	22	4	34	0.22	0	0	0	0.00	0	0	""			2020-06-14 04:48:51.31	2020-06-14 04:48:51.31	0		Canningvale Australia;Royal Splendour;Hand Towel	""	5ee61c8a0351c97df2d38744/thumbnail	t	t	f	Thet Lwin Oo	2020-06-14 04:49:02.176944	13702	13702	13702	13701	13701	13701	13701	1274	1402	1855	51092	1101	2572
2927	Amalfitana 7 Piece Towel Set - Carbone Grey	ACESHOPI115	021100003706	ZZW4434	ABC771811553	0.05	79.90	63.47		7			0	5.50	1	100			f	25	21	35	2.26	0	0	0	0.00	0	0	""			2020-06-14 04:48:51.31	2020-06-14 04:48:51.31	0		Canningvale Australia;Amalfitana;Towel Set	""	5ee61d410351c97df2d3879d/thumbnail	t	t	f	Thet Lwin Oo	2020-06-14 04:49:03.861944	13702	13702	13702	13701	13701	13701	13701	1277	1402	1851	51092	1101	2586
3048	Palazzo Royale 1000TC King Quilt Cover Set - Bombay Blue	ACESHOPI191	021100003738	ZZW5612	ABC145377999	0.05	159.90	127.02		3			0	5.50	1	100			f	24	8	34	2.10	0	0	0	0.00	0	0	""			2020-06-14 04:48:51.313	2020-06-14 04:48:51.313	9		Canningvale Australia;Palazzo Royale 1000TC;Quilt Cover Set	""	5ee61e940351c97df2d3882f/thumbnail	t	t	f	Thet Lwin Oo	2020-06-14 04:49:06.448944	13702	13702	13702	13701	13701	13701	13701	1299	1402	1852	51092	1101	2679
2712	Royal Splendour 6 Piece Pack - Silver	ACESHOPI17	021100001051	ZZW2095	ABC711223337	0.05	74.90	59.50		6			0	5.50	1	100			f	24	17	34	2.06	0	0	0	0.00	0	0	""			2020-06-14 04:48:51.308	2020-06-14 04:48:51.308	0		Canningvale Australia;Royal Splendour;Towel Set	""	5ee61b330351c97df2d386b1/thumbnail	t	t	f	Thet Lwin Oo	2020-06-14 04:48:59.795521	13702	13702	13702	13701	13701	13701	13701	1266	1402	1851	51092	1101	2557
2719	Royal Splendour 6 Piece Towel Set Powder Blue	ACESHOPI14	021100001049	ZZW6003	ABC577890005	0.05	74.90	59.50		6			0	5.50	1	100			f	24	17	34	2.06	0	0	0	0.00	0	0	""			2020-06-14 04:48:51.308	2020-06-14 04:48:51.308	0		Canningvale Australia;Royal Splendour;Towel Set	""	5ee61b490351c97df2d386bf/thumbnail	t	t	f	Thet Lwin Oo	2020-06-14 04:49:00.009519	13702	13702	13702	13701	13701	13701	13701	1263	1402	1851	51092	1101	2560
2726	Royal Splendour Hand Towel - Mezzanotte Blue	ACESHOPI45	021100001143	ZZW9151	ABC1955667769	0.05	16.90	13.43		10			0	5.50	1	100			f	22	1	34	0.20	0	0	0	0.00	0	0	""			2020-06-14 04:48:51.309	2020-06-14 04:48:51.309	0		Canningvale Australia;Royal Splendour;Hand Towel	""	5ee61b870351c97df2d386d3/thumbnail	t	t	f	Thet Lwin Oo	2020-06-14 04:49:00.220519	13702	13702	13702	13701	13701	13701	13701	1264	1402	1851	51092	1101	2563
2730	Royal Splendour Bath Sheet - Powder Blue	ACESHOPI24	021100001059	ZZW3005	ABC1022334445	0.05	29.90	23.75		10			0	5.50	1	100			f	30	6	42	0.95	0	0	0	0.00	0	0	""			2020-06-14 04:48:51.309	2020-06-14 04:48:51.309	0		Canningvale Australia;Royal Splendour;Bath Sheet	""	5ee61b960351c97df2d386db/thumbnail	t	t	f	Thet Lwin Oo	2020-06-14 04:49:00.43152	13702	13702	13702	13701	13701	13701	13701	1263	1402	1851	51092	1101	2564
2739	Royal Splendour Bath Mat - Powder Blue	ACESHOPI58	021100001163	ZZW370	ABC1761521755	0.05	19.90	15.81		10			0	5.50	1	100			f	22	4	31	0.46	0	0	0	0.00	0	0	""			2020-06-14 04:48:51.309	2020-06-14 04:48:51.309	0		Canningvale Australia;Royal Splendour;Bath Mat	""	5ee61bc20351c97df2d386ed/thumbnail	t	t	f	Thet Lwin Oo	2020-06-14 04:49:00.647521	13702	13702	13702	13701	13701	13701	13701	1263	1402	1851	51092	1101	2567
2746	Royal Splendour Bath Towel - Oceano Teal	ACESHOPI30	021100001135	ZZW9134	ABC1289001109	0.05	24.90	19.78		10			0	5.50	1	100			f	24	4	35	0.62	0	0	0	0.00	0	0	""			2020-06-14 04:48:51.309	2020-06-14 04:48:51.309	0		Canningvale Australia;Royal Splendour;Bath Towel	""	5ee61bf70351c97df2d386fc/thumbnail	t	t	f	Thet Lwin Oo	2020-06-14 04:49:00.865521	13702	13702	13702	13701	13701	13701	13701	1268	1402	1851	51092	1101	2566
2802	Royal Splendour Bath Towel - Silver	ACESHOPI36	021100001136	ZZW7129	ABC1555667773	0.05	24.90	19.78		10			0	5.50	1	100			f	24	4	35	0.62	0	0	0	0.00	0	0	""			2020-06-14 04:48:51.309	2020-06-14 04:48:51.309	0		Canningvale Australia;Royal Splendour;Bath Towel	""	5ee61c190351c97df2d38708/thumbnail	t	t	f	Thet Lwin Oo	2020-06-14 04:49:01.086944	13702	13702	13702	13701	13701	13701	13701	1266	1402	1851	51092	1101	2566
2806	Royal Splendour Face Washer - Oceano Teal	ACESHOPI48	021100001153	ZZW7197	ABC2089001101	0.05	12.90	10.25		10			0	5.50	1	100			f	17	1	17	0.08	0	0	0	0.00	0	0	""			2020-06-14 04:48:51.309	2020-06-14 04:48:51.309	0		Canningvale Australia;Royal Splendour;Face Washer	""	5ee61c240351c97df2d38710/thumbnail	t	t	f	Thet Lwin Oo	2020-06-14 04:49:01.310944	13702	13702	13702	13701	13701	13701	13701	1268	1402	1851	51092	1101	2565
2814	Egyptian Royale 4 Piece pack - Carrara White	ACESHOPI64	021100001389	ZZW9501	ABC1494855091	0.05	79.90	63.47		4			0	5.50	1	100			f	25	4	34	1.58	0	0	0	0.00	0	0	""			2020-06-14 04:48:51.309	2020-06-14 04:48:51.309	0		Canningvale Australia;Royal Splendour;Towel Set	""	5ee61c3b0351c97df2d38720/thumbnail	t	t	f	Thet Lwin Oo	2020-06-14 04:49:01.535947	13702	13702	13702	13701	13701	13701	13701	1274	1402	1855	51092	1101	2568
2819	Egyptian Royale Bath towel - Carrara White	ACESHOPI77	021100001400	ZZW6056	ABC917077319	0.05	34.90	27.72		10			0	5.50	1	100			f	25	17	34	0.64	0	0	0	0.00	0	0	""			2020-06-14 04:48:51.31	2020-06-14 04:48:51.31	0		Canningvale Australia;Royal Splendour;Bath Towel	""	5ee61c4a0351c97df2d3872a/thumbnail	t	t	f	Thet Lwin Oo	2020-06-14 04:49:01.746943	13702	13702	13702	13701	13701	13701	13701	1274	1402	1855	51092	1101	2571
2827	Egyptian Royale Face washer - Viola Purple	ACESHOPI94	021100001433	ZZW5147	ABC161521771	0.05	14.90	11.84		10			0	5.50	1	100			f	17	1	17	0.08	0	0	0	0.00	0	0	""			2020-06-14 04:48:51.31	2020-06-14 04:48:51.31	0		Canningvale Australia;Royal Splendour;Face Washer	""	5ee61c630351c97df2d3873a/thumbnail	t	t	f	Thet Lwin Oo	2020-06-14 04:49:01.971956	13702	13702	13702	13701	13701	13701	13701	1279	1402	1855	51092	1101	2569
2836	Egyptian Royale 7 Piece pack - Carbone Grey	ACESHOPI73	021100001395	ZZW8569	ABC1094855095	0.05	99.90	79.36		7			0	5.50	1	100			f	25	17	34	2.34	0	0	0	0.00	0	0	""			2020-06-14 04:48:51.31	2020-06-14 04:48:51.31	0		Canningvale Australia;Royal Splendour;Towel Set	""	5ee61c990351c97df2d3874c/thumbnail	t	t	f	Thet Lwin Oo	2020-06-14 04:49:02.390944	13702	13702	13702	13701	13701	13701	13701	1277	1402	1855	51092	1101	2573
2841	Egyptian Royale Face Washer - Cielo Blue	ACESHOPI92	021100001431	ZZW1441	ABC250410659	0.05	14.90	11.84		10			0	5.50	1	100			f	17	1	17	0.08	0	0	0	0.00	0	0	""			2020-06-14 04:48:51.31	2020-06-14 04:48:51.31	0		Canningvale Australia;Royal Splendour;Face Washer	""	5ee61cac0351c97df2d38754/thumbnail	t	t	f	Thet Lwin Oo	2020-06-14 04:49:02.616945	13702	13702	13702	13701	13701	13701	13701	1276	1402	1855	51092	1101	2575
2848	Egyptian Royale Bath Mat - Cielo Blue	ACESHOPI98	021100001445	ZZW6310	ABC16256005	0.05	24.90	19.78		10			0	5.50	1	100			f	22	4	31	0.46	0	0	0	0.00	0	0	""			2020-06-14 04:48:51.31	2020-06-14 04:48:51.31	0		Canningvale Australia;Royal Splendour;Bath Mat	""	5ee61ccf0351c97df2d38765/thumbnail	t	t	f	Thet Lwin Oo	2020-06-14 04:49:02.821944	13702	13702	13702	13701	13701	13701	13701	1276	1402	1855	51092	1101	2578
2902	Riviera 6 Piece Set - Luce Purple	ACESHOPI109	021100003698	ZZW1602	ABC505144889	0.05	95.90	76.18		6			0	5.50	1	100			f	25	15	35	1.88	0	0	0	0.00	0	0	""			2020-06-14 04:48:51.31	2020-06-14 04:48:51.31	0		Canningvale Australia;Riveira;Towel Set	""	5ee61ce60351c97df2d3876b/thumbnail	t	t	f	Thet Lwin Oo	2020-06-14 04:49:03.033944	13702	13702	13702	13701	13701	13701	13701	1285	1402	1851	51092	1101	2576
2908	Amalfitana Bath Towel - Carbone Grey	ACESHOPI120	021100003711	ZZW633	ABC994033773	0.05	25.00	19.86		10			0	5.50	1	100			f	25	6	35	0.58	0	0	0	0.00	0	0	""			2020-06-14 04:48:51.311	2020-06-14 04:48:51.311	0		Canningvale Australia;Amalfitana;Bath Towel	""	5ee61cf60351c97df2d38777/thumbnail	t	t	f	Thet Lwin Oo	2020-06-14 04:49:03.245946	13702	13702	13702	13701	13701	13701	13701	1277	1402	1851	51092	1101	2580
2723	Royal Splendour Hand Towel - White	ACESHOPI41	021100001150	ZZW8958	ABC1777889993	0.05	16.90	13.43		10			0	5.50	1	100			f	22	4	34	0.20	0	0	0	0.00	0	0	""			2020-06-14 04:48:51.309	2020-06-14 04:48:51.309	0		Canningvale Australia;Royal Splendour;Hand Towel	""	5ee61b750351c97df2d386ca/thumbnail	t	t	f	Thet Lwin Oo	2020-06-14 04:49:00.021535	13702	13702	13702	13701	13701	13701	13701	1251	1402	1851	51092	1101	2563
2725	Royal Splendour Hand Towel - Royale Purple	ACESHOPI44	021100001146	ZZW7672	ABC1911223325	0.05	16.90	13.43		10			0	5.50	1	100			f	22	1	34	0.20	0	0	0	0.00	0	0	""			2020-06-14 04:48:51.309	2020-06-14 04:48:51.309	0		Canningvale Australia;Royal Splendour;Hand Towel	""	5ee61b850351c97df2d386d1/thumbnail	t	t	f	Thet Lwin Oo	2020-06-14 04:49:00.219519	13702	13702	13702	13701	13701	13701	13701	10301	1402	1851	51092	1101	2563
2734	Royal Splendour Bath Sheet - Visone Brown	ACESHOPI26	021100001063	ZZW33	ABC1111223333	0.05	29.90	23.75		10			0	5.50	1	100			f	30	6	42	0.95	0	0	0	0.00	0	0	""			2020-06-14 04:48:51.309	2020-06-14 04:48:51.309	0		Canningvale Australia;Royal Splendour;Bath Sheet	""	5ee61bab0351c97df2d386e3/thumbnail	t	t	f	Thet Lwin Oo	2020-06-14 04:49:00.434519	13702	13702	13702	13701	13701	13701	13701	1265	1402	1851	51092	1101	2564
2738	Royal Splendour Bath Mat - Royale Purple	ACESHOPI59	021100001164	ZZW6010	ABC1717077311	0.05	19.90	15.81		10			0	5.50	1	100			f	22	4	31	0.46	0	0	0	0.00	0	0	""			2020-06-14 04:48:51.309	2020-06-14 04:48:51.309	0		Canningvale Australia;Royal Splendour;Bath Mat	""	5ee61bbf0351c97df2d386eb/thumbnail	t	t	f	Thet Lwin Oo	2020-06-14 04:49:00.646519	13702	13702	13702	13701	13701	13701	13701	10301	1402	1851	51092	1101	2567
2745	Royal Splendour Bath Towel - Powder Blue	ACESHOPI31	021100001137	ZZW5611	ABC1333445553	0.05	24.90	19.78		10			0	5.50	1	100			f	24	4	35	0.62	0	0	0	0.00	0	0	""			2020-06-14 04:48:51.309	2020-06-14 04:48:51.309	0		Canningvale Australia;Royal Splendour;Bath Towel	""	5ee61bf50351c97df2d386fa/thumbnail	t	t	f	Thet Lwin Oo	2020-06-14 04:49:00.86452	13702	13702	13702	13701	13701	13701	13701	1263	1402	1851	51092	1101	2566
2748	Royal Splendour Bath Towel - Mezzanotte Blue	ACESHOPI34	021100001134	ZZW7554	ABC1466778885	0.05	24.90	19.78		10			0	5.50	1	100			f	24	4	35	0.62	0	0	0	0.00	0	0	""			2020-06-14 04:48:51.309	2020-06-14 04:48:51.309	0		Canningvale Australia;Royal Splendour;Bath Towel	""	5ee61c040351c97df2d38700/thumbnail	t	t	f	Thet Lwin Oo	2020-06-14 04:49:01.080944	13702	13702	13702	13701	13701	13701	13701	1264	1402	1851	51092	1101	2566
2804	Royal Splendour Face Washer - White	ACESHOPI47	021100001159	ZZW6306	ABC2044556657	0.05	12.90	10.25		10			0	5.50	1	100			f	17	1	17	0.08	0	0	0	0.00	0	0	""			2020-06-14 04:48:51.309	2020-06-14 04:48:51.309	0		Canningvale Australia;Royal Splendour;Face Washer	""	5ee61c1d0351c97df2d3870c/thumbnail	t	t	f	Thet Lwin Oo	2020-06-14 04:49:01.307944	13702	13702	13702	13701	13701	13701	13701	1251	1402	1851	51092	1101	2565
2813	Royal Splendour Face Washer - Visone Brown	ACESHOPI53	021100001158	ZZW5401	ABC1983743975	0.05	12.90	10.25		10			0	5.50	1	100			f	17	1	17	0.08	0	0	0	0.00	0	0	""			2020-06-14 04:48:51.309	2020-06-14 04:48:51.309	0		Canningvale Australia;Royal Splendour;Face Washer	""	5ee61c380351c97df2d3871e/thumbnail	t	t	f	Thet Lwin Oo	2020-06-14 04:49:01.535947	13702	13702	13702	13701	13701	13701	13701	1265	1402	1851	51092	1101	2565
2817	Egyptian Royale 4 Piece pack - Carbone Grey	ACESHOPI67	021100001388	ZZW4916	ABC1361521759	0.05	79.90	63.47		4			0	5.50	1	100			f	25	14	34	1.58	0	0	0	0.00	0	0	""			2020-06-14 04:48:51.31	2020-06-14 04:48:51.31	0		Canningvale Australia;Royal Splendour;Towel Set	""	5ee61c450351c97df2d38726/thumbnail	t	t	f	Thet Lwin Oo	2020-06-14 04:49:01.744943	13702	13702	13702	13701	13701	13701	13701	1277	1402	1855	51092	1101	2568
2822	Egyptian Royale Bath towel - Verdura Green	ACESHOPI82	021100003694	ZZW7308	ABC694855099	0.05	34.90	27.72		10			0	5.50	1	100			f	25	4	34	0.64	0	0	0	0.00	0	0	""			2020-06-14 04:48:51.31	2020-06-14 04:48:51.31	0		Canningvale Australia;Royal Splendour;Bath Towel	""	5ee61c550351c97df2d38730/thumbnail	t	t	f	Thet Lwin Oo	2020-06-14 04:49:01.950945	13702	13702	13702	13701	13701	13701	13701	1278	1402	1855	51092	1101	2571
2839	Egyptian Royale 7 Piece pack - Caramello Gold	ACESHOPI71	021100001394	ZZW1040	ABC1183743983	0.05	99.90	79.36		7			0	5.50	1	100			f	25	17	34	2.34	0	0	0	0.00	0	0	""			2020-06-14 04:48:51.31	2020-06-14 04:48:51.31	0		Canningvale Australia;Royal Splendour;Towel Set	""	5ee61ca00351c97df2d38750/thumbnail	t	t	f	Thet Lwin Oo	2020-06-14 04:49:02.410948	13702	13702	13702	13701	13701	13701	13701	1275	1402	1855	51092	1101	2573
2840	Egyptian Royale Bath Mat - Carrara White	ACESHOPI96	021100001436	ZZW7353	ABC72632883	0.05	24.90	19.78		10			0	5.50	1	100			f	22	1	31	0.46	0	0	0	0.00	0	0	""			2020-06-14 04:48:51.31	2020-06-14 04:48:51.31	0		Canningvale Australia;Royal Splendour;Bath Mat	""	5ee61ca30351c97df2d38752/thumbnail	t	t	f	Thet Lwin Oo	2020-06-14 04:49:02.614943	13702	13702	13702	13701	13701	13701	13701	1274	1402	1855	51092	1101	2578
2849	Egyptian Royale Bath Mat - Carbone Grey	ACESHOPI99	021100001439	ZZW1791	ABC60700449	0.05	24.90	19.78		10			0	5.50	1	100			f	22	4	31	0.46	0	0	0	0.00	0	0	""			2020-06-14 04:48:51.31	2020-06-14 04:48:51.31	0		Canningvale Australia;Royal Splendour;Bath Mat	""	5ee61ccc0351c97df2d38762/thumbnail	t	t	f	Thet Lwin Oo	2020-06-14 04:49:02.823946	13702	13702	13702	13701	13701	13701	13701	1277	1402	1855	51092	1101	2578
2904	Penthouse Suite 6 Piece Set - Pale Silver	ACESHOPI103	021100003691	ZZW7480	ABC238478225	0.05	69.90	55.53		6			0	5.50	1	100			f	23	12	34	1.28	0	0	0	0.00	0	0	""			2020-06-14 04:48:51.31	2020-06-14 04:48:51.31	0		Canningvale Australia;Penthouse Suite;Towel Set	""	5ee61cea0351c97df2d3876f/thumbnail	t	t	f	Thet Lwin Oo	2020-06-14 04:49:03.048942	13702	13702	13702	13701	13701	13701	13701	1280	1402	1851	51092	1101	2579
2920	Riviera Bath Towel - Denim Blue	ACESHOPI112	021100003701	ZZW1650	ABC638478221	0.05	34.90	27.72		1			0	5.50	1	100			f	25	4	35	0.55	0	0	0	0.00	0	0	""			2020-06-14 04:48:51.31	2020-06-14 04:48:51.31	0		Canningvale Australia;Riveira;Bath Towel	""	5ee61d230351c97df2d3878f/thumbnail	t	t	f	Thet Lwin Oo	2020-06-14 04:49:03.642944	13702	13702	13702	13701	13701	13701	13701	1284	1402	1851	51092	1101	2582
2929	Amalfitana 7 Piece Towel Set - Mezzanotte Blue	ACESHOPI117	021100003708	ZZW5492	ABC860700441	0.05	79.90	63.47		7			0	5.50	1	100			f	25	21	35	2.26	0	0	0	0.00	0	0	""			2020-06-14 04:48:51.311	2020-06-14 04:48:51.311	0		Canningvale Australia;Amalfitana;Towel Set	""	5ee61d4a0351c97df2d387a1/thumbnail	t	t	f	Thet Lwin Oo	2020-06-14 04:49:03.862945	13702	13702	13702	13701	13701	13701	13701	1264	1402	1851	51092	1101	2586
